cookie_id,score
ck_315fb710a0e371e7,0.0005458148677821477
ck_a76ee3b3e3e522fd,0.12958531961220499
ck_94c9a4d382689e82,0.08040580133345661
ck_8eaf9509ad9462a0,0.0014314491227686522
ck_9a88a5a989cb5bc6,0.01840936131563571
ck_15239ef0689c1a35,0.01106415534970014
ck_8de69cd219d3b87f,0.11800701335969273
ck_f92cd37022b0ce21,0.019210981806910374
ck_1a3ff7620580a514,0.02540963027974052
ck_397c03aa33a57310,0.11950499445128585
ck_a7cf6c3b322f6b7a,0.0017332509520866077
ck_c39a9e75760e3201,0.004115043926681986
ck_88ab6d245228c38e,0.0007975716071824706
ck_17733f75ebdea93e,0.0016228849685343983
ck_58eb871e8d7bed52,0.10606542918191243
ck_e55b7fa67db1ec27,0.0038827266193056796
ck_62f5cfe22c952694,0.009522763471840405
ck_7fbb709a0fe95759,0.0021812023995964715
ck_87abe9cd066a20fb,0.03647721881029897
ck_d58e058b5c553dd5,0.006764534499207015
ck_d27b872648b71202,0.002584745485056905
ck_4b4a3c5b95c55b43,0.005300541068005996
ck_66dd4f4b4127256d,0.0014459098451802652
ck_93cc12703b500613,0.05086670396407348
ck_d28806a2179092eb,0.9954604060883293
ck_0595c2a0c7881e05,0.00789661236660519
ck_50087d8666191144,0.4487123123822313
ck_b08b3f089138c901,0.02365085618651181
ck_fe3b67041dad2dd1,0.002960432196760731
ck_8449a28f7d475d93,0.037843517608164845
ck_8642e3b6d84f49d3,0.007785496781414645
ck_e49b5e4f2f2e79db,0.49322789936184336
ck_437afe412ea4259c,0.13288805851802352
ck_569b83668d74042d,0.82274890834831
ck_233a487d31c3e631,0.9964360540611791
ck_1fca72e03143a645,0.9440899592419979
ck_79205e31223df2ad,0.009383639269920547
ck_9625a64406ea16e3,0.005742196142094484
ck_079bd18dacb704a8,0.21066373312054246
ck_4db6d4fd2b49aa81,0.039006802599213686
ck_0dbefdac0a1868fb,0.004172238637013511
ck_24ff97ad90bdd69a,0.12902257248485513
ck_77f8c5042065d506,0.005696542884298969
ck_f11be8ce05382cec,0.01771565749610322
ck_c9d72140b0389216,0.023377478304142028
ck_69eda24e931fb36a,0.0008044132667152012
ck_ed471e496916ee15,0.004196446331135573
ck_ff090498c4b17ac3,0.0025372700337769577
ck_c3c19d6a0720915c,0.0021275463672970818
ck_af02e1817cfa40b5,0.02526860117290422
ck_2df5a9fc87553eb1,0.0032942536423498183
ck_4ac918e884cff336,0.045313826790783
ck_ca149244b54ef3ad,0.001395521954245806
ck_6babe5b8674ff51f,0.017202318227562775
ck_1573878386886290,0.004879179942681636
ck_3925f8565abb7fe4,0.01012178082327642
ck_c4de808ae69c771f,0.0013913381904195898
ck_a777c813551281fe,0.008310293414705006
ck_df4424f6dd85080d,0.07143970691347266
ck_85e5494ec20383ae,0.02807515675226202
ck_f71a4094e889c3af,0.004665778624896
ck_f2f3cf9cd23b2809,0.03897312821354053
ck_18e2076397bcc211,0.01863358038132183
ck_c9f9fddef39bc664,0.025812583828274033
ck_7e826e233d6ea028,0.001984691756020623
ck_62fd7eb46bee9210,0.012318328519398411
ck_206f8e3cd72768f3,0.0243498684709227
ck_aa295a11b0a6ab36,0.01109300644716627
ck_9a56739d81f84a53,0.008309487782093977
ck_aa075c418ed9fe5a,0.005622729983147117
ck_62b9fb3db284941b,0.00724432128407324
ck_f4f83b1403ebea46,0.013090328709169048
ck_16b66bd803288bc3,0.27430109650277695
ck_c4ca1434f3778f1d,0.9966897576730748
ck_1b823610371a29c0,0.010301869355394908
ck_c2bd5a722aa637d9,0.0014027540255359533
ck_7890208951df34f0,0.021936281134996544
ck_020eb0e454524ecd,0.0006901660647142022
ck_3b66196ccf436c35,0.006045745635729312
ck_109fc467ec0a4af5,0.16529794646906512
ck_f3dcd818db92de7b,0.01844191327443191
ck_31e7742f160980ef,0.03678976144101144
ck_77fce5f86f00b8f4,0.13724121701974987
ck_46bc797b4d07d607,0.002246756395038014
ck_37899b1b571b1c6b,0.009487413539563987
ck_ef8a6af43fedd464,0.001888068261022298
ck_bcc8519fe8521038,0.04066140627491132
ck_90696b7182dd9129,0.007800683022471105
ck_4a24ad61d017e1ba,0.02536031678542852
ck_0acc3d8c67218b9d,0.005775544067702256
ck_05c97fc9de11aba6,0.0837582170715406
ck_f8ac3a0500c0ec62,0.0051217184077235476
ck_617b65141f546a1c,0.00866040779496343
ck_9d00823bf60388d7,0.06387385186872957
ck_123c15d93f1840f2,0.18866242184161677
ck_573feefba6bf78bb,0.05351321287935375
ck_b25657bd16739036,0.009276423048192171
ck_bd26d2bef14a8597,0.0075384255763970625
ck_a553418f2fba1440,0.011888971530957514
ck_89f3e380b0686963,0.0020940270603965467
ck_b359192aa659bdce,0.01720967485308623
ck_02241f3dc301bebf,0.010437781924283403
ck_5ccc1a1c78cb33ee,0.04496210137216381
ck_349cc5edda1b8853,0.07497269094089651
ck_e9f228845bf6e28b,0.039818621457169995
ck_0a45d033d4e280ea,0.040897192696879546
ck_7e63168dda612235,0.00224059356022931
ck_676fa5f6aae5475b,0.1139008607234819
ck_74b502b20690ccfe,0.014076136608192572
ck_073509af21dd7f5f,0.21591546506567627
ck_498a0acd450944d8,0.0026089262540061383
ck_7f15b50b29dead01,0.02986441280655831
ck_8089fe7403c5f537,0.03008636595181318
ck_05b2b04e11d9ae9c,0.006256970145826417
ck_31e70f2f04b48b88,0.001857551589565566
ck_994316fa5a02b319,0.001161014169651013
ck_b76510998b9a2260,0.013268186675017278
ck_4db95c310e105d30,0.0013309525447102407
ck_6f730b77dc6cdb84,0.007578594366577925
ck_2493ee8e7b91d304,0.037420727023310535
ck_92d679d6ac7dcdcb,0.06290871345285365
ck_3a0e0200cbb185cb,0.015921386055088766
ck_0b2eeb4e00ff7955,0.061857189472676224
ck_9843d0e61c37ebe8,0.9987507449526659
ck_e61c8721e3ef1921,0.008176733205033537
ck_2e0eedaaf2980c2c,0.005048693456329437
ck_9036b2e5e9298a34,0.002871775114843443
ck_3265442528d51728,0.01934011553886508
ck_f2ddae2eb1cb29b4,0.007591869070217931
ck_6cfa71d27fc27f92,0.023730868004863383
ck_f3199fbe84a28b9a,0.01219952948187842
ck_b78d785ca3ef773a,0.01024950474883896
ck_374865697f1480eb,0.02690159759955375
ck_06d0e4a9189302a9,0.020694324447719018
ck_9c9884b9bcaa552e,0.13145618611070287
ck_fd4cf578e87703ff,0.01291824176262177
ck_1917ef3e6e345549,0.13212972896135933
ck_e70418b00cbbbac9,0.06571239103780731
ck_a60388296a47062c,0.027608043332161415
ck_d598fe8d2c779ab9,0.013399784066812827
ck_646dc03de4c31803,0.8748843379283738
ck_e4fd8cbd842b6993,0.004057808532125823
ck_2225b555aa2a42ed,0.057285740438815534
ck_6be8ae9d78148882,0.004979713003652094
ck_4199342d3aca74e8,0.02042422952492221
ck_779581adb573261f,0.01190471744977589
ck_bb303568b6915205,0.3400405262270776
ck_17c4296276448afe,0.00837237666056236
ck_a60a61ac829252a0,0.015485640438698682
ck_6ea70950c1cae00b,0.412262471954898
ck_1abb93f6924645e1,0.04690577268361593
ck_faab769cce19879a,0.07298367041059928
ck_d5b8e74e7ca6355a,0.032477477382985315
ck_f11f7691af16ad07,0.0021864468863486966
ck_188fdf2be7c92e9d,0.9994601375554208
ck_4a103f8254b366f7,0.010317241040627175
ck_bfa17a0b1760e616,0.0006634958198538073
ck_a4d7f6a5869d440a,0.9506252060707077
ck_58e20f5a3e7f11b8,0.8998617325542698
ck_4becdd3d2696c7ba,0.0036416004493680424
ck_dad5cf32ab9f243f,0.007199927129070401
ck_7d9f73dc7c4f90c3,0.34433485986003237
ck_c19371047a2d011d,0.002811453424063931
ck_247589ff532f7aa8,0.003272165650729394
ck_7a9f241d5f082567,0.0021661881912436723
ck_0a2b7078736b4dda,0.0021736009293226496
ck_687b412e2aac7eb6,0.006052073096170727
ck_fce0b6855886a0b8,0.021106677504000488
ck_e291cc60920456d0,0.0917594818100466
ck_04219a7ea798db51,0.057968644250713075
ck_286bfd719836e9f3,0.06713538482565647
ck_55efc92394fee232,0.008624836731295167
ck_e36c8da1bd359960,0.051822556246246744
ck_34b0988a97d96902,0.017388411896637538
ck_e0fb11fc9dcb34e6,0.007534808931324178
ck_bcc9cbc9ed8b7c31,0.01485644704741289
ck_3df8da6f60a89a5b,0.07572721235280734
ck_b1495ee5c59a6b28,0.027198059959435424
ck_58f4c3ac61fda129,0.08769240815187553
ck_735f244b99e3aa8d,0.00922097434999482
ck_6b93bd8abf87b1d6,0.8407311632488877
ck_12107dacc6d05bd1,0.001309776881085813
ck_f96db2a1f3448d1f,0.016383320959388648
ck_8fd91a3c99e19097,0.009667306527767964
ck_910205d25388a0ae,0.0003539696610206176
ck_d229dfa0e4442628,0.0036629521946126274
ck_7cdec61e1c488798,0.07493366652367472
ck_f66f06e24ff32671,0.01729571456829576
ck_350bf14e90b503f5,0.010900118056394032
ck_61fff5fdaadd394b,0.009450668476097851
ck_e934f984bad2ff91,0.2314106495645199
ck_ff6a6d3547dd2d37,0.018153006458046503
ck_65ad9b15979e3247,0.013099413573270702
ck_bbe1a2ea5a403ad8,0.06990785526790937
ck_6f3a28eecd2c4031,0.01077413711928067
ck_a89b66665714058f,0.009288008373504438
ck_918c92182b6817cd,0.058545718707939155
ck_64f5eb4be9e7b8fa,0.06804006692737857
ck_d021fd497ea35fb2,0.04821995434623598
ck_004de16f7d8a42ae,0.020601871460260407
ck_a33d2325f86ab12d,0.002888944419677625
ck_89790ff26c844bc6,0.006550071444547959
ck_e6e7257377c37b28,0.08327706038988936
ck_a2cc3910a641a808,0.400744695796602
ck_646e270e0195bf05,0.0037498476001384634
ck_baba5d66def0d770,0.0493298719964056
ck_67cdcdda3033842d,0.010439951828660103
ck_b5c3075c811a2216,0.03471518215616907
ck_515379973a8044b8,0.0048297913242704524
ck_c0ce85fb4109567d,0.02277898451811631
ck_fef850553862aaca,0.0011208187771877998
ck_55d7217b0aff9fa2,0.014851981294468701
ck_8e139f8925ef7968,0.0035684975603177066
ck_9e35b908fca1e4d7,0.004525001255223029
ck_59735f4ab2ad3da5,0.04282484129936393
ck_dc569c1167ccec0d,0.4841815688137911
ck_1dade5592f90a15c,0.03366279482150376
ck_793048d11fb8b328,0.03403077102711714
ck_545b71eb4fa594b5,0.003807776797109846
ck_bd30853e9a57b544,0.021298363612348006
ck_59f46321ecf6d306,0.016366377504665866
ck_260cfe9141d249f1,0.353802194996982
ck_3365a0ad1a8aa83c,0.010840720458313986
ck_b0ef193195a2138b,0.002757201898718881
ck_0f909705e2e60f2f,0.004037799803182013
ck_5a540b75c866166a,0.01122304353743477
ck_87c26b2f41025109,0.7271325757913607
ck_27acc9f320cda104,0.22870159377053567
ck_a27bc31eecd9cb9a,0.030141536431363778
ck_115d86fabde77b65,0.0007002999973567379
ck_eeca179341d56f8a,0.8243136666221227
ck_8e5999c436cf037e,0.0013743372448587012
ck_510e7c5df1f95d90,0.9974708746487709
ck_f1acf73363925958,0.018409372235195298
ck_3c177f5970b68bd3,0.004240173770545402
ck_9cdfaa1c30cc9d32,0.0015552568940482177
ck_c8efa1538b37c359,0.0018384815841648392
ck_a8a2e296f9804bd7,0.0069812715053951865
ck_91a0ca45f429568d,0.026860246046885545
ck_5fdf8a0bdbd3ed62,0.030706095552545568
ck_0f4e2ec66d50da5f,0.004609759706571891
ck_28c53b214b2ee882,0.1707460795767713
ck_003148504557f720,0.1263506304071031
ck_01d840cffb870615,0.6040892090224069
ck_555848d51f4b5f35,0.011919618798347097
ck_df20cc23b8fb8e22,0.012794809973773066
ck_f9604adde929beff,0.0029475109505781353
ck_d66952b03591bdec,0.009368395747657222
ck_ddcac1ab765ff61a,0.02281841999927789
ck_347386629d96c664,0.036897837617259205
ck_ab01db9117acfe3d,0.005362204191903416
ck_58e5359efc52e0ad,0.004202500917996228
ck_1a524b5cc8da71b3,0.11813161263501958
ck_e9287b6d909d731f,0.005801722991118932
ck_bb41a66e3d90263b,0.12296840271906097
ck_e95c8cc1864bd584,0.006395416589379672
ck_7a3f2961e9a8b6dc,0.014943093893373902
ck_378a9df82b1e0bee,0.22923934276234606
ck_42633573639a3f02,0.982081769392218
ck_2a5a4c18c2c7274b,0.010794145911153944
ck_77549c1a41f837c3,0.009397474263713613
ck_a26704b5b26258b7,0.03182666080786743
ck_9874ad160efddf50,0.003685970284993587
ck_9111e3a04b14dfba,0.09140043804622246
ck_651e076ee43aea85,0.009290606502337422
ck_391639c0f13932f3,0.00044744607314125884
ck_02dbabda93c8c13d,0.03232140940562213
ck_0adcb1fffcb0a34b,0.11055096117763995
ck_7a43ef9c7b1c67b5,0.01006134634630109
ck_4b9dd69946438d0b,0.007758796313753692
ck_90bf017cdd37b66e,0.03778189219714905
ck_61c74163eb36556e,0.04486148519093486
ck_13376c59b5bd6943,0.0023035873119092143
ck_62337eccb1672737,0.00797183302679541
ck_16077934338472bf,0.002728331383874039
ck_0d4dfd93086e7330,0.01964486884176447
ck_3865b7525b910893,0.03774540873188088
ck_7e2ae8b69ebd5675,0.001832964349085393
ck_b4384b6c11766ce7,0.006625259327204621
ck_3d7fa32dfb9fc692,0.0786904997093688
ck_f4a6a7cadd6e0603,0.013924333976039661
ck_212525e2828a6c45,0.015468274313925601
ck_33ad8d53394ba77a,0.27482976430513234
ck_a5051eafe8b51224,0.004244824487150446
ck_f65e5ff7da565f91,0.005969271098912678
ck_5c37f7563fa7591d,0.042030226851337664
ck_f1e0a006068aff29,0.015476991576549776
ck_c646cdead6fb79d0,0.01206883510406686
ck_f8b3cdffef535330,0.029822142199121437
ck_e5cdbe3aa12c97f6,0.01901779986410202
ck_986e4e61440506d0,0.11565157722832124
ck_6da9c5912e15d9a8,0.004178709692574878
ck_51d842e6dae74c71,0.014959847503595046
ck_5fc65c24e0736d5d,0.50534045140679
ck_babb95a76c69509d,0.009997075693237104
ck_86a2d852a9715432,0.013129212852695266
ck_db4083a0d043def8,0.08009620424794868
ck_96953b8945b7d403,0.030734892282751534
ck_7831ca5c31fb3859,0.053952195586599326
ck_60ac5e5f375daa38,0.004537923804158829
ck_05d44eb1f5f085ce,0.02775314757561914
ck_432cc19c7eeaa46e,0.02879416564555242
ck_7fc513033af061af,0.38751342314527726
ck_ada6ede84c111719,0.02439619884584168
ck_6343e0d3b1c2962b,0.01645409208244212
ck_010264ae04f2e902,0.05056678933890915
ck_e9dcf535f8c289eb,0.05813447563973028
ck_37143d9cc296e6fa,0.007585761052752166
ck_61fa051192f3e810,0.04931666333625319
ck_f9f93d1d41be1468,0.6001602957044228
ck_c4f4f28457be8a74,0.0009791289168852178
ck_323a71f9452d21cb,0.5643501843783598
ck_170f4688e0acd875,0.09709768371444992
ck_869b1878d09d230d,0.18828643607231485
ck_2f6b33bf46976229,0.0044141165372887856
ck_b11e22e75d9b99de,0.0027086528298995655
ck_123d75ffb75b606d,0.010302928914995327
ck_94295287a04c85d2,0.12602526008902237
ck_1b0434f096795328,0.0026948647785486014
ck_0a4e191cd0a57ce1,0.01007339821489488
ck_d2fbd0df99634676,0.02063410288039009
ck_d51df5e9fbbbcc94,0.03209666525315849
ck_2d3d7d64a6f443f8,0.01374955148311822
ck_731943c682c9394e,0.023408564696127808
ck_5ccc0c94e5e1f849,0.03230248764880135
ck_c3476080516db25d,0.025674143844000945
ck_5010ffb1c94187b5,0.00038153442932205186
ck_7ef666d67bc70223,0.010400191612939624
ck_c1b493527224a27a,0.0012732631157016943
ck_5d1e25d7acc5af9a,0.009427647195134874
ck_ec30b61cbf517db8,0.0038498767637329427
ck_79323eb5d2e5efae,0.004961068613710074
ck_4085cd3bf2661518,0.006182296716418829
ck_2ca91214c357c072,0.2763301058208732
ck_7f3132d6be389657,0.05621967227914552
ck_e7a6b925c8f39a85,0.01032329131987898
ck_c886adec7bac250a,0.03341098509465382
ck_c3f360c2d0ea0a37,0.02334831107779915
ck_a7acd5b015823793,0.016388237897663405
ck_9d64187c0800f84e,0.01721857172758912
ck_5d4ed73b9efd7d11,0.007994903595103364
ck_874eca6776b34dec,0.00659560992665434
ck_96a9221a87be93c3,0.07337868226302875
ck_68dd79a51eabf5e6,0.052258453333332636
ck_8311cb6755b2016c,0.002466439174296643
ck_16fc77b2bcf5ec03,0.608869717734736
ck_ad9e2088a33c8c72,0.0005092778367347581
ck_7176bbc97b1e42a1,0.0018234603102388275
ck_80dfa54b30f65fff,0.5905529310136906
ck_31c54d540b128843,0.005435686332777967
ck_43ea894480567274,0.017612547523309215
ck_9c9e8a38bd5a6c88,0.08921418442297302
ck_1c2dcae19539e148,0.0637138817663931
ck_b0fa8b84e94d8ae0,0.004707756995989261
ck_4ceb43ccd0a81c2f,0.0035748742721005817
ck_ba845332b730b596,0.002858683702235983
ck_73d3e8c6077f61e6,0.16326145919162718
ck_b5d0d223ef56473f,0.0670906324581605
ck_949f08f8e80e93ea,0.003360295151535342
ck_73de0b49709e5f8c,0.0035305535322694777
ck_b5935e9722a39819,0.04765864634409055
ck_96247fee0eb44420,0.00353427895815191
ck_a6def1e4b2d57e0d,0.058130347684495626
ck_aecdc5a96321a2d8,0.014768238474919546
ck_bc61c59970f8de49,0.029436763101075108
ck_c43b4175fc9ac5bd,0.4567109495307992
ck_8ff7a9b23a55fd62,0.006770814082587725
ck_20c99b645f462449,0.001990226677606888
ck_a5ce2ae36fb410d9,0.001966772446347182
ck_96fb9bf556842bbc,0.05276228611072107
ck_b5e4c6dbbed1b773,0.03627490785079854
ck_2085433978e72ea9,0.224792218745984
ck_2c6b174b063ec637,0.010033698618436669
ck_b20b81b88dabe28d,0.004979233796906172
ck_243c18dbf150831c,0.001855896241780679
ck_2bb6a17e8eee35cc,0.03473666762939122
ck_66147fb994495396,0.10365723491904347
ck_73f124f075ede0fc,0.010272852999344457
ck_2e315f1b1e533dab,0.005291219020894961
ck_16c7bf94ed3e7a6f,0.00030355007341019484
ck_4a0eae220a762ac5,0.023804440747116948
ck_dc16f939c2f44ad8,0.06816924433366883
ck_817926b449754917,0.009295190224865028
ck_0c0dde42ab64ef87,0.010855053472147002
ck_cb3a40594da6a2ee,0.3299888019420118
ck_d0dc156441fcfdcb,0.02648026565108196
ck_66f0945add423e9e,0.004885035571353517
ck_a74f6a3030f5d495,0.02099893627941865
ck_1ae460f331e49ae2,0.024290387225149177
ck_2d177b2f4f0b40c9,0.11929416697643662
ck_92e474e4368c4791,0.04490582239088035
ck_3dee83fa2d109484,0.0014777023209723162
ck_80e5ea27848069fe,0.016916281894493537
ck_ed0c4a83701ca230,0.02389926446079202
ck_0b8b7c5c581fd161,0.0012602188296967603
ck_60bf8a2870956fb1,0.010604447532788715
ck_73a54b56a2bf35fe,0.8751029804414262
ck_2296d7a563424883,0.029777223922263722
ck_bc19c383560c7477,0.04782392453788038
ck_861d8e3d88f1079e,0.025874218432641902
ck_3f090fc96c24eb28,0.00631144454110731
ck_9a6a1f8102febfca,0.16407453072331968
ck_541b6ad5d2fa5a39,0.004815876125744715
ck_a760d38d1bc4de97,0.003683834023740879
ck_7dca4d7ee10b4eeb,0.002994834574702713
ck_15220e78d1545e40,0.03130006851896612
ck_ca24bb0de508efb0,0.003555162211403983
ck_56b389627d8f02c5,0.8385602474114908
ck_48a6754977a44db0,0.0088734277533976
ck_333a43ec339a04cb,0.039801918377291495
ck_f22aacaf86a65d7e,0.03205709520186154
ck_04bd8a1ffaf3ffd8,0.004225474846905349
ck_2737a72de6b700f3,0.040397321305009726
ck_c35e03b0dd0c3454,0.022393068191365165
ck_e0571312f395cd94,0.0575528888425482
ck_09fab6b9825001b2,0.0032205914926561425
ck_18c3a095606209e8,0.020455109681440615
ck_2a97db9377d01e36,0.02229530078736815
ck_f29dbbfdd2786bd1,0.009544580218972606
ck_35d6c510ad29362e,0.2359763751754039
ck_5468fa99c945d785,0.0192362799126393
ck_6f8102f62c876cc9,0.026970823962502857
ck_91955aab3424ad16,0.005334485981817843
ck_9a43c0c73a39d759,0.05200041979714373
ck_60b023af6d1e30bf,0.6517573011882778
ck_9704c5cf8659cedc,0.021508766311555617
ck_7e5f02b51b9f78bf,0.06263239262279514
ck_7d3a88d1aa649708,0.9059916941991305
ck_8250eddc1ecb07a0,0.056622466404125334
ck_d979ef95ee44023d,0.021608144851645528
ck_5e5461dac83531ac,0.0016997297149572992
ck_d1bb8890081e0a31,0.017961474610392714
ck_32246c62640648d9,0.00042271077283565205
ck_77a40c7d2f862a32,0.036206730357626345
ck_1c8b94efe9238f5b,0.005081432218710731
ck_eaf3b6d11bc3cb11,0.002651896975350298
ck_a4a7ef3ad799c380,0.006325591007662191
ck_d5bd8f68da073cd8,0.02016786805807568
ck_6e6258227fc8db7f,0.0011905289659384496
ck_c35d444e05799db6,0.06336338962299129
ck_74665e1209140ae8,0.015570275923593151
ck_353a272478f7e903,0.015656772875168073
ck_a2c9796ea229a4e2,0.005104579872375054
ck_e0171f91cb3411fe,0.07015907151431704
ck_703499f5410280f7,0.0033444134464657585
ck_ae3a763997f8f385,0.058428058133468075
ck_f7ff94c3df5ac874,0.004852940086845703
ck_f3c16d8f747db046,0.013266949925096685
ck_7ef019ed77276496,0.00254933367762055
ck_d6a4faadab58a3de,0.003369303367478147
ck_ba7b78d31d74c794,0.01703659775555233
ck_36287d063350ce9d,0.007266720648764369
ck_5177fc7137ff26ce,0.0006260771455970901
ck_dfd4e79aaa967b63,0.004895566801803749
ck_fb44d15fb93a7157,0.07296776026908337
ck_fca478361870a4ca,0.042151436683893956
ck_e57b94fe57341058,0.02080873765344283
ck_5448c946cc4758fe,0.018012146315284094
ck_c5ece5ffb8800ad4,0.005481082279250784
ck_11cb98211b2ed134,0.9720667229989349
ck_f655399ac75c4450,0.09518703073770718
ck_c817259019588d30,0.01956679798697638
ck_8740a14d8096c6e1,0.0055590013883337125
ck_0c5ba86f4e05b38d,0.027671388064884957
ck_ccc917533d4b73d4,0.016429447293641444
ck_9eb80edfa43203de,0.006368192259532374
ck_d1a1cf4cf61d6801,0.0400244507269108
ck_b17c239f160e6017,0.009215457577387889
ck_410c3e13b48e0415,0.0032002048374803593
ck_ab553954435e8854,0.757473430227134
ck_bdbb4230c91e1604,0.044620317898925135
ck_8fd4937eadd64fb6,0.008280047003770979
ck_e0e90b196bef3c11,0.005164730772784052
ck_3dc4d464386f0eb2,0.07854117934740866
ck_51bbbf8f8e8ad005,0.998428074946533
ck_c05737ab74cf03c6,0.04888628685273088
ck_dceabbe04d99afc2,0.0005992362613575092
ck_5b86fd14e85bc9c7,0.7388170934387001
ck_d4febf0083800424,0.007600706280582553
ck_77d9f86dcf251739,0.004182198306801323
ck_b4dcebc543deaafb,0.011856280743717331
ck_cb856e75c949b0cc,0.0004429713806525899
ck_61b067de8ffc1ca1,0.036093593909243916
ck_c0e8560ccfd9dd9d,0.001709670074364798
ck_173e1198c341087b,0.008286975902501525
ck_b4d55bc809000276,0.0399867843170784
ck_839bf139296b5cea,0.004416889628052981
ck_78cd402a2a4f2e35,0.004175787181188891
ck_c2925c50ebacbdba,0.003011524307614896
ck_5e3bc76eddbdb0a6,0.00485023251748774
ck_b7793edca26fc512,0.021508144349216548
ck_d79bdf04d6f31cd5,0.005740690733774489
ck_4b97d19ed946f503,0.011864029477920113
ck_37139b41c5370523,0.040353487133031433
ck_8c346eeefa9ce692,0.01471535283041016
ck_2ab7eddee2d8c49e,0.008398613396829981
ck_29da59ea3bffb9d8,0.12490353566418372
ck_c1d05ef0ec6e4be7,0.007576827422237271
ck_3882423b449f6291,0.8842270074632917
ck_5647030283171ed5,0.6938651218967569
ck_efbdcd9c181e72ca,0.0029574430342744437
ck_192fdad892782daf,0.145544015090331
ck_0bf2e13b9f2601ac,0.0457431661024506
ck_3d6046a533057795,0.07116136118124776
ck_279a1d3a3836e5cc,0.0236448330775002
ck_c375e929becde422,0.004772864321217296
ck_a59e90219939a1f0,0.003416801876704806
ck_4e9fba1ec54c3ff8,0.020867510450580534
ck_bcbd8588a13f5eef,0.0006329816452838299
ck_5f9a7ff990341bdd,0.0008506833314729864
ck_e0403d507519b7d2,0.003318866396093684
ck_c9490cb61aff5112,0.0166924151125776
ck_41dd44308e6a665a,0.18133744295671483
ck_76c23726cd7ca947,0.01580557618330331
ck_9be551300209fa83,0.0032152553234266286
ck_a98848eec6c9581e,0.010602081783443568
ck_61176dafb33b2d8a,0.8822073840803341
ck_92de019e05971ce3,0.030183762816633156
ck_5d644224135d7c65,0.020939916323921354
ck_c767fc454fa215d0,0.0029913886356969983
ck_5df85a8924e11f27,0.06557818602199157
ck_da2729307af06ed5,0.019542238809432986
ck_7c6b577174af7a78,0.014024117137618334
ck_893b8afbe11301e1,0.007439251472077594
ck_e06f6fed020ae014,0.010614060776480009
ck_386680372fb54857,0.0041587823104217376
ck_7a7f3c4fe0c9d2ca,0.005145728032038998
ck_f908b527c4db422d,0.05775533740432745
ck_ec2eee6a133e9a6f,0.05629863426133427
ck_d98934f9fe0b02b3,0.0024280219311589957
ck_398a1ed77b0130e5,0.004071509975239241
ck_d960af7a55b892b1,0.015004615606092257
ck_4637e54a9f79e2e7,0.0026441250376564663
ck_02b9f418524f6650,0.023485907201267846
ck_d4b23804cebb045d,0.017590010082452968
ck_35b1939c48182a9a,0.00785800948527451
ck_2dcbb71e39d64305,0.014712758193218878
ck_47a884dec960ff2d,0.032225955979416666
ck_71fd8c346fde5cca,0.0869396223509973
ck_98e1992ac8e7d2de,0.08818906133324872
ck_ae7780327e210522,0.009409603226490676
ck_e6c584b4b1ad6d9d,0.005733294983570275
ck_344b2e326a6c3dcc,0.0040878340271983974
ck_9aa899a5230b0963,0.027681141119136964
ck_e48d14d5b70ef5aa,0.013680617018538292
ck_59d380a0973b3951,0.017530607454265608
ck_11318f7c041a5ba9,0.05620011337069811
ck_7061786fe2f22f5a,0.04020187488459964
ck_e77529651c416cf7,0.012687237984968689
ck_7f79878197340435,0.00702076688206386
ck_b0a0fb0ee9ebf106,0.009627290156315929
ck_70c7679199776a90,0.047766110711225905
ck_b9facd2210daca5c,0.015856401799206297
ck_9949f53c155b8dde,0.009287275879718655
ck_1c607e24f2c4397a,0.03709471001090832
ck_aefd1ce3ce093cbd,0.00018585027749101494
ck_5a29b7018e43280c,0.004104956292152429
ck_69eb0b2ccfbe5f95,0.009890374028931632
ck_fe037765aa465c58,0.028070891670344874
ck_5e512ef5362a3dd6,0.0051573468630657995
ck_544a9e80b7fdc279,0.010943818839750732
ck_7825494e654d5695,0.0058791813864367964
ck_f1f2c3c623553f0d,0.00035459737430635637
ck_52730906e5b461eb,0.970491182201817
ck_01e0689157fe9617,0.08111089135487456
ck_9da82e567074da9d,0.006139276948782881
ck_6a17384072f904c0,0.023225062973925417
ck_8d84d771a21942a7,0.0002998627972928713
ck_39638880292782a7,0.011515988528164262
ck_7d51c86e0eec72ac,0.021981026466764857
ck_45f4c821c70d134f,0.6533185076264663
ck_0af3c13ba56ce57c,0.0050710903868283535
ck_0789a05e061b2784,0.12321627895901395
ck_6ba091eb42ffa9fb,0.11803987669599275
ck_265accb3c5c32620,0.05823101195692813
ck_179039559ff7566c,0.03213141297821132
ck_17c0a6a92b5765cf,0.016837154887482823
ck_59371c9140239fd7,0.01814684846487654
ck_f9c4f8b4ce2691f0,0.012809952550697369
ck_a2637e4872cf4811,0.01900725528097029
ck_1de43fd6c6c22a5f,0.16515151159451869
ck_6e4f31bd108571f0,0.0032768602772768533
ck_da06d97db0b18851,0.0038800786975445407
ck_e0346d5081e640e8,0.01920829064766409
ck_c1c7d4e62c9fcded,0.18876324197456898
ck_2595669e421299f6,0.04132918626628913
ck_3b6057d51fd4c7d6,0.006621821909510019
ck_c5f8ab515840a0fe,0.023904969065141057
ck_435cb24538c6f77c,0.09600157534410503
ck_d84b5403da4cea7b,0.040378841053727
ck_c2b61a98d1c8f6dd,0.8105610490125191
ck_c9dcd92b2f836b61,0.043985221525542295
ck_9eb5b3f5f672c2b1,0.003521700990027746
ck_e4cf189a8d31649a,0.0027798446296931245
ck_6b114f2a48152b96,0.000851054447033962
ck_3fb95862b70f505c,0.1179616703268052
ck_7f780f465c29398e,0.012852866909571476
ck_ee387f9da79e67ea,0.02264732509784758
ck_fa3b1e85d27af2ee,0.035333953622926004
ck_e739eaaa7a1822f2,0.026805100084382045
ck_dfa0ac11fcb1dabd,0.002845061331307562
ck_6e8751b571ea54d1,0.033564024955739506
ck_2d695f8358383092,0.010991409185246987
ck_e7dce27edb700f27,0.014638155963076271
ck_e322da8b213eab52,0.016186985149289873
ck_d0b32e039abb8200,0.0023993790581702834
ck_b354003302b272ca,0.00913664279382114
ck_f7485cba392bc294,0.07638645545858319
ck_d6a290ff8362c7b9,0.2548097280019355
ck_c56a44fe315c0389,0.007691554573342703
ck_f77dfe6512eae322,0.018484245567256113
ck_35fe969c58b9e70b,0.14203718943248522
ck_4c518637db2322d5,0.023729680213090316
ck_cb61902798ecc4fd,0.0116440690756401
ck_56e6cfa32156a916,0.002742857460403947
ck_343e6ed2b9d35c01,0.0042478141452439114
ck_51440f64f7250ad7,0.030556319692279187
ck_295bca29c34cfe2e,0.08398803646248666
ck_dd30558576b45e7b,0.015103117189445688
ck_3a30132a57181fe3,0.05728471081545397
ck_4a733aeb833406f4,0.013803308866608278
ck_1b0b7c3d35ab1259,0.1002904906180801
ck_962c3bbf27cd4b80,0.019165957436465736
ck_9528e1d6b1707870,0.04515657559529225
ck_b3263e7f31aab45f,0.04332252193830075
ck_e69195a3c885053d,0.0012945469286975
ck_a907fa8795cd4baf,0.0007704125558789939
ck_205c3405045bd835,0.006470735174449095
ck_e81fc223bed3c46a,0.04144710515926305
ck_363751deae40edfb,0.09065705975241475
ck_6176baea8cbebbb6,0.010093268742088081
ck_633e6579f5c74a5c,0.7320651548204778
ck_ddc11fc481eef58d,0.10158748714175726
ck_e975002c979e12c7,0.03888272176701677
ck_8e039b23acaaac00,0.013579929275552122
ck_1d6990d94a4d2ad6,0.04159120840089974
ck_e7b583acaa3171a2,0.03474727464338139
ck_c0133f60d39b2fb5,0.016177912003118893
ck_7d6bff85e7a694bc,0.005577432421135621
ck_d305b4d82f63f647,0.0038923160548856345
ck_22bd0fc71f95e048,0.08235749692708855
ck_9a65fcfc7916f93f,0.00035980309049919403
ck_d61c837b0106085a,0.07174194800272507
ck_be86a1db08dea456,0.06920663936977384
ck_90489c405e6886d8,0.0017719517797521445
ck_0add2c321d579d75,0.03352652288991558
ck_482dea6eed92cbbc,0.0038039419133865304
ck_c24b47184534cc2c,0.9968921868955228
ck_fa04ac31e596e7d6,0.017595864122256576
ck_084322dc5a3a86f0,0.010579675118521238
ck_ccb72a33cc1877b7,0.018489243728766966
ck_afaf374009d3b248,0.00541191772202052
ck_b53084ffede19a8e,0.0021347180220990616
ck_4760216154c8cac2,0.6296951684689364
ck_37ad3a65db673e70,0.0018736361104738114
ck_0c2932cc0d553694,0.018472103624030414
ck_86b853c52f20fef5,0.007855827569680895
ck_38703b7546d35a80,0.02012556874269398
ck_218b7e6e6dbd2da0,0.000875020831630973
ck_402db4184982fdf5,0.02639074659603991
ck_f917c82af80e4a79,0.07176882991764198
ck_3c6417a233c68c73,0.027533154916682016
ck_98068c397d70dd3a,0.025101299201310847
ck_b1cbd6679c0f8d95,0.006094298229256952
ck_9e962f9bb0e7bac2,0.007883794259671086
ck_b08247c3ad567d92,0.18643595308204394
ck_3ef7a03ebb81cfe3,0.0028907703079711308
ck_5d7ae0e3562e99bf,0.01783534144682227
ck_c91a628236baf91b,0.04689913729052121
ck_7f8e816ca51755e3,0.05529227720673092
ck_5aadd286d188f5c3,0.011360397166131153
ck_a037aff5f8128c73,0.004547179951244075
ck_5df6529ce8290906,0.0036754266185482602
ck_5f3609511443e5a8,0.003515858934377772
ck_a6f61864fac3c8fb,0.008409736970434461
ck_2733fc6ba23ae46e,0.008075362756164443
ck_22bfb9246646eb41,0.9229992583290548
ck_bfc2a57d8fd1610c,0.24354988029134922
ck_49839e761d0e74e9,0.011744169474073005
ck_aa4ba931dd37481d,0.0050236605558935
ck_2f9fa0d61829f815,0.005282932588867813
ck_5b82c774df10d49b,0.0022029613052421187
ck_411219470d0a195c,0.009144090061552989
ck_d07485ba10514a2d,0.3240541026200384
ck_219bef979ee21bdf,0.0024965746479117816
ck_eb1006e7285184a6,0.05343652751565329
ck_fd242b18575e3063,0.05066168769314821
ck_95188150ff059c70,0.06855576062008782
ck_a9ca2f447b984a6a,0.006115053850139692
ck_2dd39723c4088b64,0.025446664749999497
ck_aa2b4c662ff213b6,0.018498118870164573
ck_1867b1199c864db5,0.0180070930871888
ck_850ec97a5a0dab9a,0.015770399966372858
ck_562320295fa35875,0.002220096847453505
ck_bab5759b07fe2bea,0.0027659090293392615
ck_b9f1465d803e57b2,0.1416245114068656
ck_8f21f2690c32c691,0.10654976987092672
ck_df87d6f61a63eb21,0.003722749425844712
ck_770475876d0e7e6a,0.004254811106288051
ck_b4c014d5c0cc9eb2,0.0017253935551282177
ck_3add4d23124c9290,0.010918147485462612
ck_bce5b7fecfb6264d,0.05117215624790353
ck_604c17cb97dc89be,0.059468031612503594
ck_e52cbcd9aafd26b2,0.008823903225333826
ck_0ac9114076f5bf3d,0.019600117588703454
ck_dcc125b178b79566,0.0019142402678268466
ck_4e333c09f0c37dee,0.05542158172397598
ck_ff7e31ff8ba731e5,0.013527341898309023
ck_8d0532d24f1070d1,0.0020957322565385763
ck_3689fa41748a6f6b,0.05195754396206091
ck_7509eb97c1948b16,0.001273647298007159
ck_a9161cf1ca22a6bf,0.00802180956588153
ck_bed3e3db135b782e,0.10765985716119877
ck_9040edd974ef8e3f,0.08219917246761785
ck_fac32d76ed40f683,0.0190137708203236
ck_3d7b1078e2d57c69,0.0021718687859589086
ck_dae09c4e074af5dd,0.015274501151012818
ck_fd84507228467b40,0.026717978996001097
ck_e2a2ce9b8cf44c63,0.01338122586227461
ck_cbe716f351d660d4,0.007425949607050102
ck_cba4162ef29a6d27,0.015960614916382253
ck_4f1e962ff8a29732,0.005262856889587762
ck_39a81899dded61e4,0.0024853146184371172
ck_25382331551d22a5,0.05799006760611821
ck_6d64e1c07b19856e,0.0053792765381796845
ck_165a868bdef28ad3,0.01858304243096902
ck_88774ae52e30e877,0.02349185387380059
ck_fc7a9d0643570053,0.001113027277847307
ck_c2017120b3b88a46,0.002581171112080769
ck_d115ac6b9fd62a7e,0.009410302817049566
ck_439cf7d51ec7de0f,0.009269466081913837
ck_2468a7e9e68a0927,0.00690673751630766
ck_7c418947124dee8f,0.317517820908231
ck_fb0cf32c4a56f740,0.052964549491107474
ck_694eb6c43193afd4,0.042580179953270535
ck_993beb188dd4abb6,0.030020434196636105
ck_77fa39d3b733c226,0.289931227714552
ck_49969a9abc47cb69,0.023193708435109064
ck_d3f44bbe2f7e9b2d,0.15797402784122297
ck_fcf5b8216d0c18ef,0.0021547115637439032
ck_daefe1e2d2bc362d,0.003733701529160196
ck_9c9287cb28950eb6,0.04069825012361157
ck_c1d1a625b885a975,0.014870734420258583
ck_71b37fe47490b4ba,0.0031432416382861685
ck_5d16e257c0635f7e,0.159701205580217
ck_15918075563eb074,0.0011091355377054796
ck_9a15fdefc47e8d11,0.010193092105355676
ck_6f04d047d1dde75e,0.0005744401072840961
ck_1af2c0b3b8d202c1,0.0033240645116041708
ck_174be2231c5fd2b6,0.003349015358785414
ck_bb0713a2a1d65982,0.009255975520243797
ck_0daec63bd5b0729d,0.02507228394273761
ck_c0b5cc3e8ad2ff44,0.028201457573232162
ck_35bee1fc12664644,0.1546511300226678
ck_a1c7cf63467df4c2,0.0010451477910236365
ck_ecb1e15f0b185ceb,0.09780403564693117
ck_f280d31f54a4710a,0.033001781439108535
ck_30f4b2ee8abe1342,0.09476166303173039
ck_66bed631354de5b7,0.014778345473029498
ck_c2d3ecd7278eba2c,0.0018662397922473307
ck_e901dec0e09eccbb,0.00489772137081876
ck_5d038ecb3c8748a3,0.023333854567285407
ck_283c5bea94b21e80,0.010350556065301294
ck_7956c251b85f009e,0.7786673829604382
ck_9f5f81d771146aa1,0.0019174408246911297
ck_9323e6fc1e168eda,0.6787092138352864
ck_10495d3a635b8d69,0.09704094097766344
ck_1982d571cd36eb0c,0.011375975870146616
ck_4f5d7985bcc2eda4,0.00402023747971808
ck_7df526b2b4410bb4,0.05665842915430731
ck_dbb498b1a346a402,0.0016364853928091238
ck_ef059997563e3330,0.00706556509188512
ck_02ec4e06709e6b82,0.0007955941701002944
ck_9782c86ba6485f88,0.00613686714148782
ck_d69de468b44143ca,0.011931269567169491
ck_6430a8792f400e0a,0.0080504107242356
ck_8285bd3c90af94f6,0.00876125615041971
ck_985c9ca112000e9a,0.0669590392900138
ck_e679fbf4f4f4aa07,0.007722267708529694
ck_016e8c8eaf9d511b,0.021354984250098925
ck_bc996c523944644b,0.03682676327118034
ck_5b8315726f6204e0,0.01365460707327764
ck_78181f8e998e442f,0.004305612326218984
ck_71c68dfd011dbbbe,0.4751863182912003
ck_db32c95ce2b6f502,0.10416725163231683
ck_755010362a9b1bc4,0.0043102795339528465
ck_114141d85256c9ff,0.0014009041896993965
ck_9d1a5cf5a3b87e48,0.023863674354595233
ck_ab640420858ab5c4,0.09019498083847492
ck_97a8dac48dd62488,0.08015128484793453
ck_879cc3166fe1bada,0.0017057187923749735
ck_b0ed11080076e381,0.008648687545415536
ck_7334a9ec656263b2,0.005396829058001906
ck_6494f0ef13ce44d9,0.005606972211873802
ck_724e459b9ece38f4,0.0340754813521245
ck_7fd8b1470401695f,0.4758861947826734
ck_292f81186358b0fa,0.00897322735104167
ck_fa7de64d37287615,0.0839003557133742
ck_d00e09e66ed6458b,0.15386332277712947
ck_b8d210e741be186e,0.002183104272504062
ck_3db59982cbae4410,0.012759241928636965
ck_69887d0a9aaca6df,0.0014539414550781722
ck_4feb21e2fb0b3977,0.005182745777713709
ck_08c6cc1e143475e3,0.007475367093835298
ck_fe6e168cdbb46b9a,0.04824817723078469
ck_07f1734be7fac56a,0.05426252367228109
ck_d66d59981307db93,0.03451531105812423
ck_f928dba0d587d7c1,0.0004834644345852768
ck_786448fe3004cbd0,0.0019144278335810289
ck_29ea329fa40ace62,0.028102952157496943
ck_7ea52b6f27edcb73,0.09758779138307101
ck_18bc51bbf3ef198e,0.05083787837963306
ck_44950df09ff14ded,0.0030333587116962257
ck_c1466b52c0a10b93,0.01024187832984721
ck_6cdac067cc4db5c5,0.024090393130844188
ck_53f55c6e8cf2d432,0.002864861457256392
ck_95945f48453ca532,0.037950257407418864
ck_87cce4126e215153,0.011611202670503544
ck_1ecd5516c92caa4f,0.002222914909147484
ck_819b482bca14c068,0.1082498028433032
ck_a61a879dd46fc9f2,0.017678272714920732
ck_af70aa32c009c3c9,0.007736244628615427
ck_f4fe78e249092ab1,0.02866027726842218
ck_12c46bc52bf45b36,0.05076819202116426
ck_f05f5e4b40afa52f,0.10877029850975618
ck_0f8cb09d3f4fc980,0.028017148536269597
ck_80a64a7f0275a71d,0.0045251222699481475
ck_683af7b1540a0b22,0.04507886013448214
ck_51fe0b613c076cbe,0.002584435939335141
ck_da1a2450219dcf19,0.07702786093914614
ck_2a7eba01ceba6c2c,0.015333176295124346
ck_4e329e29dfa743ea,0.37081738857663454
ck_0274d881d6db82c8,0.009587871581521058
ck_0af5b7d128035b35,0.009599590010130613
ck_ae0a7be6b0a0ea68,0.02501031683682174
ck_de5bb7a4d091386d,0.05928852117326142
ck_2bb7c17168a9d17d,0.025091622103107412
ck_0ffdff7b2f5fdfe4,0.006860106671072975
ck_718a8390b3d42d7d,0.030995114022714227
ck_7c4f12d70f184533,0.0012178394812871005
ck_d3e2c26b8adff099,0.03864943122738544
ck_ac9d3d9754104cf0,0.0020281855805698973
ck_3b1766a1d51f8f0e,0.2813769247098234
ck_a9bf75bea912027b,0.03081210035244224
ck_687eab3ffe1f8cfa,0.03395267426432165
ck_25dd0b02af5b2f37,0.01094122215046273
ck_1747fcc466f0ae38,0.0008311650500662088
ck_f6e9d14dfb6f3c28,0.03316791823614267
ck_c6a7bbd0adc4d5f3,0.04054835384616042
ck_46656a23f4456d22,0.6133867361930059
ck_7519260415c2998e,0.04144777133752148
ck_754f30ea19df857c,0.020616652719108272
ck_ba88a244d5f7380f,0.017903787271217136
ck_f268416945316815,0.010813691562658684
ck_21860dd2159dff28,0.0035413765756785558
ck_7a86ef4e2beaec38,0.0007555913827432176
ck_0414507baeea936a,0.012416533251010097
ck_60796eb60fc3043e,0.006744244171590387
ck_1e0841ed17fe0562,0.1249949114826364
ck_0d641d32658d6e0f,0.0026584377216669662
ck_b36086ae6d87eec1,0.0029481192148497516
ck_962e65ab33b5c311,0.9753837196831519
ck_b046a42684468e63,0.015367926589851456
ck_ab3426435b0017d6,0.018347341518716677
ck_fcfe06e44d09a344,0.05679458459456005
ck_0f6d916c92189516,0.02795890337488898
ck_d4c8f0d957c3965d,0.03248323371286398
ck_2ca83dbd728af019,0.0017681275911481731
ck_2857a4ce9f72fbfa,0.0014336419858911994
ck_a60e6edc48e3d0ac,0.2800262803218442
ck_0cbd3b27063d4415,0.10140389959717591
ck_612089ec90c37219,0.03371328304062138
ck_ec4e597f17f473c6,0.0018141279544778178
ck_1c93cc58f314bf71,0.029874937041186496
ck_2b359a979520276e,0.012209767063684191
ck_1496568ddc3b2d56,0.05040060508691211
ck_41d91dc9f5063566,0.0182761305363825
ck_4c5ff58afe3d7a67,0.0045786901323945015
ck_81709736281fa3eb,0.0026708164582725
ck_d89abbab3d4957aa,0.007521116679332556
ck_52453401f88935da,0.025603116933461848
ck_a477654d34783e06,0.0023221397472436085
ck_72dd0dbdf808cb00,0.004926523800769661
ck_c183dff3781746cb,0.13840862187288863
ck_c8b7f241810b45e5,0.002877393205809244
ck_f88028c3f306bc70,0.05825612530243208
ck_91d48d69e4f5d9c2,0.018064602911045745
ck_b74b9ba6d7c9aab7,0.08500630387151528
ck_03e904682dc73bba,0.014553033104948536
ck_fc6fed6ea96a004a,0.00864019161507693
ck_51efdd240e34c642,0.02643840108865132
ck_e78ab4ff52b5fd2d,0.010149259359455447
ck_4af7b97c24d89a45,0.060116102153402136
ck_295c0072eca7f7a2,0.0182311026669104
ck_8abd1a50a9227463,0.032851798482583884
ck_ecaa6f13304e3dc5,0.0027462757509260577
ck_de436e7b319be1fa,0.9930911698739747
ck_c802cf8f61466027,0.002541028798333414
ck_3d83e0a3c1cfbf8b,0.017168462169246595
ck_28d2003c2d16e4b6,0.0014395992741448066
ck_8ddaf745bbb9cd62,0.001538608855804491
ck_493b6256091014cd,0.03502295201934309
ck_a2245822cfea997d,0.0019327282372315912
ck_f7305b3c64cf8a03,0.07486171538842619
ck_9937dad93a0ed3c1,0.009916494067981051
ck_d654449f9231ad76,0.005715743364167301
ck_850e2b59bc535490,0.03456935216024875
ck_e55e5bdfc0242aef,0.09162204335730396
ck_d35c51e981b98c5c,0.017001668700570367
ck_27cdf9c5e6f0915b,0.011028896784093202
ck_d328db1e1052d820,0.016487463372444867
ck_0ea30eff5f361cba,0.0032006582483804663
ck_9994323f97109f4b,0.991314527084786
ck_09054e97bdf9624e,0.0020673975151435735
ck_723b4afc388113c8,0.006151649171156248
ck_588f6e6a6a6d93e8,0.039232328307762535
ck_e1d563fab4d6116a,0.0031079800755541335
ck_53aca610e20598bc,0.012058716364906021
ck_c8131ddc7ed33448,0.008105715181975857
ck_899f88464305824a,0.06220416899805127
ck_1c17c65804f8889e,0.003227089059150163
ck_45a16ce12893cf9b,0.020353191551541028
ck_f9d481aa4f9b2808,0.336230147902377
ck_1d5d74169cf892ef,0.023557326691783564
ck_aba32acb61c1aaca,0.03163142830522944
ck_ec4dd3675a8d28cc,0.012697193782367834
ck_5dcd443fe0bbdeac,0.005408663389068175
ck_3a47e3f54475e854,0.003791375909138583
ck_a9aa5c344c315532,0.005517873248074204
ck_9652283c9f61fcec,0.001072196467637342
ck_752dd3d2487f78ea,0.026175730739557566
ck_a821980ac4db9943,0.5550182334945727
ck_93e0d6befb67f7a1,0.05996939117750107
ck_e7a3881c3e36bd51,0.5127766472554846
ck_12631b78f8a03df2,0.0003802232860112143
ck_57b8226610b48854,0.0018228137471263052
ck_352657008983fd4b,0.0319695762362636
ck_0841a5c24fd3dd28,0.00699264328311451
ck_db9b9d5d30f74070,0.02220764624463566
ck_a9dded7f6294e44f,0.03886339266337036
ck_91a16336ce3217dc,0.02135983953548877
ck_371bd9388b287677,0.002082712041550243
ck_f285e5e1912a7c62,0.0018341200831992375
ck_368b65fca69fc415,0.0222642962181752
ck_d27a73596b6500c2,0.012629957313323713
ck_2d963f9b2c4d11e1,0.05312721696120268
ck_7c500e219af39486,0.02094408659743216
ck_7d025dea5951cba7,0.010593071284560485
ck_32f632706608859e,0.01630760612750732
ck_53816231f3ffb48d,0.005400930027914487
ck_9dbe184e81c1ca8d,0.08525270274679829
ck_d74123617f22a21e,0.014468281782362181
ck_275386782b1606f8,0.004098637096353501
ck_0b0e79d33e50cba5,0.0023821211152623466
ck_ba93cb604f792915,0.05998221561896542
ck_a86cd653472eccbc,0.014866588866224145
ck_87771861e0447210,0.05982727228748243
ck_212380e0371d8a6d,0.014837214833114573
ck_ef0d702d7b0ed745,0.00312239548588713
ck_2b8f33e22f939372,0.7253260959713919
ck_480347ad92037105,0.036946287792887195
ck_20124c3a16c53ce4,0.011048609029477637
ck_c9e1e3229baae708,0.030369552195972937
ck_b1befe967f7a5ebf,0.03873682551881843
ck_4672167d7c989bbf,0.08358344157759147
ck_f0c44ee5e3a42e3d,0.012912433187763209
ck_c416357d20238a4e,0.003914453368275518
ck_d0f470f8078c91df,0.016787778099195187
ck_3a70b4ee59084715,0.0018345525798075303
ck_179ed66cdfc1ce27,0.006563448736910285
ck_387e5a7f163c7837,0.011291957540814315
ck_08fb463e69f647c8,0.992040554235244
ck_732f725747393ec8,0.07481309129680125
ck_7cc5e0fa3ca5a713,0.007895191241044375
ck_ad4a4daa826ac68b,0.13734337634273294
ck_472e0be7a3b533bb,0.02087604068362012
ck_7190177963eafdd9,0.016245315199283947
ck_647ac26c5900f082,0.004246072786391162
ck_272ae2179bbd8e58,0.01122792442132653
ck_09b0d8af304646bd,0.000748775497536766
ck_ca0cc8ea9f344408,0.0026415775709499006
ck_332ad134fb909869,0.01514654290577283
ck_fca2798914627dc8,0.17855029337495498
ck_4450b55f462ae134,0.0022898916657537096
ck_d67d9dfb60b286b9,0.0024720833975825293
ck_a9d2bb4f2bde7052,0.003774638256329855
ck_929bcae878a3ecb3,0.5182506901159192
ck_59a9e000fa275e1f,0.020459690007343403
ck_57f17254e2688637,0.013668106662964793
ck_0508908697f60ce3,0.05809250094783462
ck_946afc2943298d26,0.0044055546989890315
ck_7176d12b18f2cc0e,0.04615645946755209
ck_5c47b49c26cce286,0.022338095159578023
ck_b6a2bdb2d335e1d0,0.9890870313119523
ck_1d58f6caaa4d012c,0.005331732406592693
ck_71c917295020ccc7,0.0028861279053071782
ck_bc89644ae3688995,0.009601697422842592
ck_e7c212f16d6df272,0.022637454851053895
ck_c6d2e11a368184e6,0.004148717629668945
ck_eed7f1f7548df15b,0.011604224107137734
ck_75b69034000ca7bb,0.06838428788336594
ck_38da3bf629458682,0.004286865448208751
ck_90114c891239d821,0.002934157841146
ck_8ee08f6777cc155b,0.01655656938746115
ck_bd86132499defcd0,0.009318495732777236
ck_b95fbf2b5640aa82,0.03404601209833827
ck_c530235393360e3b,0.015581451393988456
ck_be52a7ec43241ba4,0.01846295672741499
ck_d96eb3cc55f2772f,0.006666256943603198
ck_dd34f0a844fb115d,0.10246415547381565
ck_17cc7b411f448e66,0.019631110951263835
ck_856ea65fa27d06dd,0.03972808059904166
ck_056d5f0301c30902,0.13414498867485267
ck_e662b14b2bab23a2,0.28162757339935923
ck_209f574c8d92274e,0.021557921423268712
ck_62720b81617896cc,0.007375639837616755
ck_041614694b77e599,0.006998619305413138
ck_461e3f7b97db8d16,0.047796755607927115
ck_1b74b798eebeabdc,0.01750661925942346
ck_0ed2739384f1d644,0.008126683102041135
ck_5a4d19f1b83feeb8,0.002183121239532377
ck_463937167965a1f8,0.030420003041829062
ck_9d7151dbdf100e0e,0.02283208137528204
ck_20a7d1ce6cc27312,0.002986505542842227
ck_6031211ff118cf0f,0.002136657973852163
ck_a6fc92aa91e99b77,0.838383576625983
ck_0aaaa9d2f75a0518,0.005586942368389687
ck_ec26e327cc1848b2,0.011106889522407825
ck_0e6bebf8ae9b9b03,0.005691812552268553
ck_e107537a4cb738f4,0.008648687545415536
ck_e8ea56e122a5a487,0.04209927580002254
ck_98149ed45d38c4d3,0.032786324762522724
ck_0e719b3a6906b8f1,0.0009519090858117611
ck_0c6e7bd357e4a348,0.004863081529047084
ck_d3b2b250da61db19,0.9392686335263419
ck_8bb6b0a292754576,0.13153936236999406
ck_87d70f5fe48a6128,0.0264330332028483
ck_ea9edf9c107d429f,0.012449349658365402
ck_059806c52cebe4f1,0.2331726060819578
ck_a72d6df666e1c21c,0.011329720880183998
ck_1d2b80ab6c4944b9,0.0049800444720596495
ck_60557f077abc42ca,0.13707842179783797
ck_e5f5cb7dd6ce4a37,0.0144223565844748
ck_4c4a939154446053,0.003073507639067659
ck_50ede3eb561a202c,0.032332436886989224
ck_6d03a542922b2ae8,0.015487819622079842
ck_d6fe761ed0db3270,0.03355250604671727
ck_7f0cd6ea3096f985,0.009892198070310058
ck_23edb6d938a3b87b,0.005959466530427552
ck_799aaf9f2b9ef621,0.01612298666606548
ck_f8f6a03613b6dda8,0.0028280109924040116
ck_7cffb189f4f514ec,0.9687645795082422
ck_c081e1967dcd811f,0.018903379466227714
ck_583d6ca78c97d91e,0.4384629907522252
ck_9332bbc7125219a7,0.025795014022692894
ck_956b5af6d7d86c65,0.6243207683541061
ck_2d634e3f24681c0f,0.023762689182816005
ck_7b35d218ed0c5a60,0.005699253731794412
ck_ca5b1057f8248f73,0.008731796933628156
ck_ec5ea81cf813597c,0.021849001284561107
ck_eaebaf4d28400fb8,0.04804003252229954
ck_ae2ab6be219219aa,0.00606075510176754
ck_d99a8b4c820eb46b,0.007445512039870802
ck_bcfb7ffb7cd428bd,0.008502531719346678
ck_3dd542c2d31be2c0,0.010515895938040695
ck_c7dd84401e29a7fc,0.003383437893602495
ck_c4bcc7cefd40f8e2,0.0020674380279658926
ck_c251898b5d51e3b0,0.008060447232825526
ck_36d37be780c1291c,0.003733047460340843
ck_99b4f266b61ae7ee,0.03489950144298546
ck_c37f03995f0f0169,0.0018322097397315618
ck_65a23ac8e44eb901,0.005395634971368436
ck_644b1c1149eea9e0,0.01957912706012552
ck_9cf44eb0237c2429,0.0020481970696633683
ck_20541686a94fb71c,0.04334915532533316
ck_c18245be844680f3,0.010103440841482568
ck_56de216eda6b7fa6,0.002807182196590674
ck_406c4442dee45cd1,0.0024356758574512038
ck_df1585c7d72a96e0,0.006697523477681991
ck_b8e8dba20676d87b,0.015169526534060902
ck_0ee6965e68efc177,0.02954377659695355
ck_c2a5c54ad8d0d297,0.01609499313265817
ck_bf6fb7e6470e95cb,0.00040065889643260466
ck_27fa694569140345,0.0012827232717046908
ck_e04166b0ce66393a,0.0036112648810445918
ck_8742114f4f0cb22c,0.06574593149212252
ck_6eceeafd56b42576,0.08182146703803157
ck_34f9951b0eca1965,0.011696962874112515
ck_384ccecd342a24ad,0.0024007844210605167
ck_49c98bebd1338879,0.0038072854427783315
ck_6c26c12071c91ff6,0.016907116609349283
ck_01e5986ebb9a78f1,0.03411595975684296
ck_121db7ba3be29ee8,0.023460043940318923
ck_039e6d5a330cea1a,0.7844099126144147
ck_ae8c9163cf957d7e,0.015488776160041615
ck_3f5e8f3f1df0c8c7,0.04884340970471258
ck_b1c51fdafcd80122,0.05467608623493326
ck_12e2b5ebfe8986b2,0.005140776516976056
ck_d55eb81a4d543c59,0.0308571033106784
ck_f85155ca5c312c7b,0.019583938038627957
ck_133d8a1ac7c0e301,0.9909612844102523
ck_04212a9bb9b28696,0.9975296398283949
ck_4cc11c7d3ca61f73,0.008476234483192121
ck_2df4854186ec515b,0.013922672985931524
ck_aa9b28e7fc43af79,0.584620458800719
ck_47cad6c3def4c9e4,0.005331030304824329
ck_fbff7b5da8111567,0.006391604800330311
ck_bd25ea782e375b22,0.018967657121514186
ck_7989376f8cf64a9d,0.010582400832932572
ck_675c0ca1ebb1051c,0.0032351183390203677
ck_1436f6e11d4008f9,0.012183716284758641
ck_812cb3a4482cc618,0.046232946648620474
ck_6e606f73a1094afd,0.012039720898009285
ck_1b708e2a4a0584dd,0.031608234039984785
ck_a60d6b324bae0330,0.02057724764042908
ck_706a4f673a9fda3b,0.34474749398578164
ck_a75ece9a9044eed0,0.002906204912497108
ck_9aa45c4e03c8c57a,0.02657401387168025
ck_9fe9bdce982b312c,0.06251755896412783
ck_c6fbdc5ba68a8466,0.017721409621284392
ck_ed0cc1b1c28f9511,0.020641428639978338
ck_a4e2607b4c8021e8,0.002371744245017319
ck_e02f93f51cc8caf3,0.004022891852633286
ck_7084ed3cf20781b7,0.020404924078420577
ck_cd4c63155570d6ea,0.00728634682575838
ck_d1b9e5d32d2d789f,0.00583680325182395
ck_68f56f6560a7a933,0.0025195081601354407
ck_8bedacc6233c6269,0.03914601252116335
ck_ab7cb50407d6b13e,0.0395384482333054
ck_f17ed7e0fd687742,0.1677533959371578
ck_b0fe4b92fc70f72c,0.005412523469029474
ck_84d62b8196da2452,0.017813877607219263
ck_9e298cae167f4693,0.004751260099377229
ck_405b20ef9ad0ba5f,0.023885036371108097
ck_813e02e1ababd177,0.019667626838455392
ck_f234ab47061ba7c0,0.0008240759157279425
ck_22b587c18363899a,0.018926761787163456
ck_4e862c2f48c38aeb,0.016235437491668604
ck_b89cb90a420c9075,0.009379966175571589
ck_be2251640f27a3c9,0.06952798178468182
ck_46bec0bff167ed3f,0.022868471231976592
ck_c0032232c2868328,0.001916415174856234
ck_030cf09525dba4ba,0.09780325286381779
ck_6ecf56236789fc09,0.9361979774139387
ck_38d4ed52cbe6d123,0.03574808116661377
ck_2d923d957ffd4d53,0.013969939621207064
ck_3af1eb88728ed8c7,0.015262244262138852
ck_2f8120ca80a1592c,0.0032947383137068432
ck_6cabb1a133f0b151,0.00949913380885989
ck_bb6cf7e7b707731d,0.7384060832258951
ck_c8307fecafa90140,0.021817380506649088
ck_75f968be67f46d24,0.014677809722812012
ck_df6fe4ec5a233213,0.010691688610131728
ck_b53e88c0e927d896,0.0007677116613750293
ck_f0093064aa28f4d0,0.03846516200801183
ck_ec9976cabc63ff92,0.012827703707990164
ck_30dac0a58c5590cb,0.21822205371750317
ck_348a525791ae6475,0.08024199132696558
ck_b898d912d1181ef9,0.005771530348946721
ck_f5b1200dc6f95760,0.026831241941679043
ck_54978a073e7a0b1a,0.00923933358451078
ck_55933936536a4071,0.02831865879943579
ck_d6ba7ffd2ae08863,0.010955791500880427
ck_404e2217fd87fdd2,0.008722919110136134
ck_dfaafdaefa5716b6,0.03688920321151216
ck_556c62e92d4e7e5b,0.05459571236428237
ck_7ce44f4e06d58111,0.26098307735158177
ck_465cb8ce232c7670,0.00615698615329651
ck_237508ca4fb37268,0.03781932056467351
ck_ba4a6b9aa63964ef,0.024821168776349718
ck_4802a0a7a1882c88,0.35407361540914095
ck_9478dfe4114c30f6,0.005425274400935815
ck_5138f6c575dec64c,0.023446817593382786
ck_aebb42afe430e2e9,0.014488062410536085
ck_004efa95555437e9,0.02105816146358741
ck_11af112667c98394,0.00476255474531161
ck_44e9a18a8645c9d3,0.005716594363762729
ck_2605fd571219e28d,0.0011679687431660135
ck_dfc933493561d84f,0.00472526445567962
ck_67674348e68d1f25,0.00382216016894407
ck_dd97429277a2fa00,0.22250066299999416
ck_d3eab7a06eb48348,0.0756144815041394
ck_0b9fcff9667ec05a,0.01502621563646839
ck_fc4bfd6e739bddea,0.002805123841767974
ck_43292f70a03ddf2b,0.01810244900716583
ck_5ff6108056a3fef5,0.011724017516945977
ck_767e0be086b5f601,0.05855629213197694
ck_b8465b1a5666155b,0.012646707667899043
ck_ab2e3fc56f5b3aae,0.02523661685996958
ck_1833c81d693c1e07,0.915896428570763
ck_0308e0602b856445,0.004388200979794614
ck_ccbdfe744acff8bb,0.021494903888976305
ck_b294aa27a0b586d7,0.0027238258229463504
ck_a3747201f377626d,0.9904367215583715
ck_edde1d7d1db24725,0.04188692955367611
ck_ae3b47d6e1063704,0.0070947501146026454
ck_3aabf5e0f4defb41,0.0038464426526417742
ck_f034adb57391f3d7,0.035876833017865505
ck_533672fb40531607,0.09415017063501237
ck_2a244f1ae08ef83c,0.014592989932131891
ck_a35d81bcc54ece2f,0.007988333651358008
ck_78a61215675b38f0,0.02723885989623266
ck_e013d88ea7939616,0.027087230493583025
ck_e5018f9418e0102e,0.03976356331303354
ck_d4e024fcda401a31,0.0025093244587471144
ck_f736cffbdb82db34,0.0006611577603198374
ck_1507f5aa50cdf3a0,0.023145202550004323
ck_18270fee7c8fcee8,0.002980982726099039
ck_95ffa1a805a1c9d1,0.0011371176131905983
ck_11132d245b94d045,0.004403820458488275
ck_7b93a622e40d8b14,0.03468956489272181
ck_3854c08d17704347,0.07604799140011201
ck_7717fcb100dc4b5f,0.015382068428049026
ck_ba54e0a1c328119b,0.4977307796836552
ck_a7afdac4ecbf2de4,0.5703666425422417
ck_ecfb771ed2352085,0.005986614598455246
ck_68be4fefc85a6b64,0.6611938186937001
ck_dac7c50bd6d0148f,0.008379511060565704
ck_87cf36a03bd63c24,0.02309545769277914
ck_8adb40b168b59d7c,0.06402120254636186
ck_8d2f62930777416b,0.14559688993326755
ck_9958b58da9e3c21c,0.024457876819143902
ck_9440335375701f44,0.02456961005971435
ck_e2f88e202b6f700a,0.011532610719201851
ck_4c7c50684827a2cf,0.011637240935813626
ck_8a6ea4a79b1c7a8e,0.007824651048683517
ck_186dbff4b24a3bbf,0.08182914194756062
ck_220fda3c11c59b6c,0.05096766208882344
ck_3acccc69f8b1fd14,0.036872473390515255
ck_9de191bf79afd676,0.013301944091768618
ck_6de6b1663f9457f4,0.0027678497684546985
ck_062754f8b79b86e5,0.003457633720020144
ck_aa153a89a52f7eb5,0.03384501241835357
ck_34a6bd3be642f15c,0.007409809503718654
ck_9371c700d9830326,0.03992109031955505
ck_a99e0c258ad7576b,0.003706325842906128
ck_0a7ba51d626e932a,0.008493165333148688
ck_852c50bbba1ead13,0.0449584061540856
ck_43dc13b6b6d31297,0.04447068747116739
ck_7d81b59d615a6649,0.11662387005690748
ck_39a3f1da060e88bf,0.0173980014235698
ck_6fb2d142c09ed3ed,0.026241267602861808
ck_6e5752b87324b58c,0.018718765444285284
ck_9441d48a12e8a4bf,0.0956767874834477
ck_09e9c51eb538b255,0.02427689963230844
ck_8d0cd981ed3a183a,0.016763249665584772
ck_57c07c45269ca8c0,0.0025159062678542306
ck_ccfc9ab888ba933d,0.10594163932991436
ck_9658a6ef471053f0,0.007797043393093848
ck_dac3852758f4ea89,0.003526568254617226
ck_b1ed2278f5f14d82,0.04369938378255994
ck_333544d173524f70,0.015035597823093003
ck_fd4582e3853ef23f,0.02118011275617468
ck_614d936cef98db04,0.005289278888410298
ck_6bc351a3d57aac54,0.017940924532083357
ck_af5842fa7202ff25,0.0061576229942001525
ck_81307759252571be,0.004110282492418275
ck_b4d2f02d2cd45720,0.2298222578378327
ck_1bd753a4681946c8,0.952183028196355
ck_46d8c029d46867b2,0.002077254765232453
ck_b7da6640fa2f49cf,0.12796912576113775
ck_9ea3d5a5a91fef9f,0.0249657178432855
ck_7b922518f667f76a,0.0004214293439482714
ck_2a5b31594206eb30,0.26576754054182744
ck_d9506476ad3f9e08,0.009147876422299903
ck_c8791f7ebd4d93c7,0.02800000888909711
ck_b5a3e20fd210017d,0.017349396388285625
ck_8e54386f4fe22cad,0.01845877882146649
ck_75296704f5806f56,0.05120142897162995
ck_0fbbc7a6af300368,0.004054890899996321
ck_d19bf4dc0627113d,0.002127474175937428
ck_7951bd4eb99a0175,0.0006583885916706543
ck_059e4fac6b7f704e,0.01168473658179283
ck_2ce8931af02a2ce3,0.02036037146612733
ck_9e665618a4860306,0.003711571620423209
ck_6fce5a893613fd2c,0.0026549661348770725
ck_9e3fbd04e3532f32,0.1730824690776928
ck_55f2ef0de3420e3e,0.022373146589022036
ck_8d87658a6f5d204c,0.764076648299097
ck_6d6ac1f5dd882aa5,0.0008401952551321085
ck_55d0c7012d7ef236,0.0803388815295196
ck_7738eb085e5753d6,0.007807180167729741
ck_0e6e05c3cc8c8242,0.02187220695944078
ck_8d27ff8383d48132,0.008651909176590322
ck_9afc3bb849f3a64d,0.0132968354193055
ck_27eb86a9898cdfe3,0.003730774307465421
ck_1d40e4fc541abe93,0.14834419654768974
ck_4fd9dc00e1913587,0.9818761734698366
ck_b26cdb2b7b165d2e,0.04695777600645178
ck_a79a27767a02e31f,0.013402759189305382
ck_f0c18cb9f951a71e,0.016355673468240354
ck_50460e0189de6274,0.8868910004028365
ck_5e5280539257c986,0.002737256084307894
ck_eeb854318b3a6f0a,0.016447721301971828
ck_943f66f28dd24750,0.0005168067061613913
ck_984dd7452aee372d,0.02296952744234858
ck_ecaa6de0aca5e9a0,0.014498055913533842
ck_8f1cbc432e2774f8,0.03699284963213373
ck_d91d9f8445b9769a,0.3209031898006018
ck_73c18e03e3c7612e,0.001368020814184524
ck_aded05ada490da20,0.013733189662444268
ck_f744e208183971f8,0.0027407139883807207
ck_02d4cef6358ad3b7,0.006764819653956087
ck_08ff5bd467226a5f,0.0025671059221786642
ck_f824b326d5089885,0.31620707184007824
ck_3420f2fd520890f3,0.002467115044456853
ck_1838cf8d00f5b1e1,0.006745737664128729
ck_a85182ad90b6f1e1,0.0035288623435831613
ck_fecb39c82c43e76d,0.00990317794134683
ck_162513e73782929f,0.011449818222304568
ck_2c27b77c59d8f23b,0.049752741233138824
ck_4221e07b17388fd3,0.028604975897434028
ck_adfb8472d5c3d669,0.043754130995864664
ck_0742fe64055d686f,0.001898835981513662
ck_5060aefcc8b6f958,0.031025149595690735
ck_643f549b4ac78a26,0.143081713999272
ck_dba767885bd6ad69,0.005867635869267174
ck_0dda35c0c64c7073,0.9895559396880953
ck_38ea56d43afa5660,0.017255609787628447
ck_d813e15ac91f487c,0.07534315561973925
ck_4c840e5585a7b167,0.29984869159711314
ck_cb8551453a7bb929,0.01656351342589464
ck_05a00b1dd5a03359,0.011109264710829665
ck_837cc7fd48453a01,0.0086094723303809
ck_49dd816b31fba6b6,0.7640924605224837
ck_86a61d9a39768e87,0.039192754359116205
ck_cd0e76f0e7bb38cc,0.03466760383456759
ck_dbe58392635133ca,0.05333771987069046
ck_3caec7dd6f8d02c9,0.02873050809560239
ck_bfd9bfc5b6ab4a54,0.09763639171147191
ck_2103399bdb2898a6,0.012517209044744371
ck_329f7de7279e74c5,0.004125126539824689
ck_9bf0d28119fc42c8,0.02317661493206558
ck_f781539b1042dc83,0.004345423373977858
ck_9986c7d781ac6b4e,0.013993537779957712
ck_a627734880aca848,0.005307020925990988
ck_2106e509d77fdb4a,0.4233538358496078
ck_420d1a9c604293ce,0.03978328314057939
ck_fce0610c527e2b56,0.15395891984043655
ck_073da541ec3f9d3d,0.024473929460186176
ck_aa5f3ab48c17fed8,0.051706747572702515
ck_0fc1086e1c9e04b6,0.011821112763308892
ck_5c33bb46c1a5945b,0.05354167647947736
ck_500948a8d4bd8e13,0.020789092936930837
ck_19becd44f2c3d2b5,0.0322783584490963
ck_7d0fe77dd5ddb656,0.013386368632397897
ck_f158d9e5f101bb35,0.013237621466435312
ck_cdd7c77823c2257f,0.15372891687965243
ck_6c7b41374f9b2e55,0.006511697690909717
ck_417090dbffb1a63c,0.01213226360183963
ck_dd0e17605f970319,0.00503652189275674
ck_3646515079e6be55,0.011635105989706471
ck_89c8b06aa8c84b2d,0.12146945516238204
ck_e4d6dedd97233c07,0.058384152994252404
ck_bc82fb1895fddde5,0.007242243365648637
ck_88a8b1d442ca3686,0.03206917431456872
ck_5791f8f76a629a4f,0.04911254623638506
ck_9cf5e88e97c8c7ea,0.01821424585454687
ck_58fd684aa5a6f289,0.00041601809613602426
ck_9800c21dfbd8e811,0.0015138628178127682
ck_8ae64df60ab6ccda,0.016509574780103346
ck_e535fb0f0c00418d,0.05232578312130141
ck_48011996d54855ac,0.38667627505038943
ck_ac79c72a8fe3fdef,0.03133858771067125
ck_b8cc2df5192bc49b,0.037719723595582545
ck_e96a5e1f08f8a867,0.006295125802299094
ck_84df6770549e43fa,0.002831610354354877
ck_e5f7b99ba6ec5767,0.01736255159782402
ck_8347455ab53ff620,0.008347190153102818
ck_a84f2cdf695a71d6,0.005365731289659354
ck_90456160115f9ef4,0.009423868721258099
ck_ebd178b3f3a9c50c,0.021518472790371935
ck_e1140be6157bacbe,0.00259321868568956
ck_744ffc11d32b96bc,0.003980006586470702
ck_e12a9f7d027e3387,0.0030920424114193484
ck_cbe525da0b69f18a,0.01610268083448846
ck_aa59702537557ff1,0.018885992262600283
ck_0348cc6908f7f3af,0.0006854032996723744
ck_120e995d50956bee,0.0324082499750341
ck_9fcde1ff46cbbea5,0.004282223465864101
ck_54b0b070689c50d6,0.0011747500060109032
ck_966a167758fddfd4,0.028018034195441126
ck_d5194f2e92fd6427,0.016303878699304882
ck_2ee84f3fa27f2cb8,0.004234559511571565
ck_57d0a7eb7eae2eaf,0.06677061174824725
ck_6a2c4edd82e10969,0.0008209266879164223
ck_96e4d38ef670eaff,0.019572416066325676
ck_52cc2fd5095b169d,0.018878926532324727
ck_4b088920f3a844c1,0.047778569454014645
ck_8f3ccbd20d59f1f4,0.0063427016069230535
ck_e5e5dc431bed6f9d,0.015218723415771145
ck_e8b5bfa6838e28d1,0.008980872439623854
ck_4bfeb78b47b7c6a1,0.07746015833577229
ck_a705c61bd679496f,0.035931527027595236
ck_731869a0c39cb2fe,0.08032724223537405
ck_259eb102342057ea,0.0048357007052835365
ck_47a6005fabc33551,0.004387626926912003
ck_682262b455a9edd4,0.0008811495845101042
ck_e839d104854945f0,0.006454793075602467
ck_761989aa4c47d746,0.023355472969212525
ck_44211dc210139ed3,0.01549196771396185
ck_9915ceedf63a5289,0.12048334436446884
ck_da59ab47cb6284ad,0.0012787000312582013
ck_e5cdbfcca2456652,0.0022522225089308587
ck_13f2560c6a1ec62f,0.013149627158724428
ck_a0543e9b3abe1001,0.03908911583280346
ck_11c7a58e09e6547b,0.008303420331933367
ck_69587a134d43a4ad,0.02344300209696038
ck_28dc0de0ae291f37,0.021594252494745548
ck_298922703c5bbe05,0.07413701135088793
ck_fa5ba9ed9ed6a343,0.03336637020688539
ck_c08e64d424e56c05,0.05745544943834294
ck_598e036a28262aeb,0.10557139620785955
ck_3f7c870510083a51,0.008993376094605035
ck_364f8203a3e98d36,0.6479609446369785
ck_7333cedb61506ead,0.011813254933644372
ck_1d96d7fd65f208b2,0.012670997860338186
ck_63133a79f23e2627,0.0584842236845951
ck_901d820e0b72abae,0.0016942874743062152
ck_5dd80b3c01457bd8,0.014286350176037318
ck_c0b8067c144ed6c1,0.03465800423151399
ck_cebb8aa8c8f62c60,0.010282480364638977
ck_79749eca42ff1f5f,0.01460551768327642
ck_2cc1d9b587f6da31,0.20249251838203358
ck_ccc7916b56d42195,0.003972985978640469
ck_e43e53cc7b8b8e41,0.019675389886862037
ck_4ab74a6e7450416c,0.004010530224550314
ck_6e44024e9de301c6,0.005833636692371703
ck_dd78cb6ae2866cc6,0.03630481583691757
ck_c363d3b050baf3b8,0.06880294244734757
ck_2d46291975f0dd08,0.0027982859129562243
ck_76ebeb5aee42f041,0.047778569454014645
ck_8395f004cf4d4c08,0.002556910489558806
ck_de7259c3741db179,0.021844868785139963
ck_3938e92585df2b34,0.011626836791024471
ck_af69bfcf4f07d932,0.013933887337616212
ck_1723900ab9afe374,0.11211715657042992
ck_3d58628d1c853c8a,0.00250009289670756
ck_12a074db100481cf,0.019669512571187903
ck_8716cbf892c50e29,0.02146470900540361
ck_fbf7351958ad9615,0.019904763411268712
ck_a50370907e6b397c,0.09761898182451706
ck_937402a60df0821c,0.007488557180712908
ck_8ce9c5807acbef48,0.005512550176975858
ck_acf7d65eaaa4c31c,0.0018592840822294976
ck_ec3eb6dd0967cac5,0.07043211131125766
ck_fc832b0c90c9bdb9,0.7680763692730802
ck_8129e81cde280131,0.003209716815523102
ck_52c0ef68aa2fb8cf,0.012157701611673745
ck_06f042e9b1b662fd,0.017084690812360758
ck_0bf35dcf7b38f650,0.004499051171732368
ck_615763afc2e17a7f,0.002216418863649734
ck_e72db9d4b2fc9997,0.992118664664607
ck_13757bf0eeb353e2,0.004299928533082155
ck_abaf371ec8249c4a,0.07194308690772598
ck_9b7167da0920c37b,0.02085815130350746
ck_2e824b0b27494a17,0.08170472623063746
ck_9a0b605e9c3220c4,0.00885405062985396
ck_a5276af466b681de,0.001759382837403378
ck_9e0383e1fb6e214d,0.03838818457513135
ck_6a27c44b691dbfac,0.003272173944994704
ck_af39767cf583905b,0.01720191304667438
ck_243b1b9fdd3f9a74,0.0012297429710338228
ck_c0422e638a9c6046,0.03463825527415127
ck_e0f3ea3373dfc4aa,0.02323022866212797
ck_d56ee1654378ffc7,0.039824290960016294
ck_20cd2f5666719baa,0.0007267620200732547
ck_4dfa1c1e9b69fcc8,0.028497310747417067
ck_5d22e9ca1d15180b,0.4832944838794114
ck_f4a7ac178fd55f0e,0.0024129991269668024
ck_fd5609bd23a1eaf8,0.004521654797246764
ck_49c3bf13dc9471ce,0.016886021135544917
ck_724085c3452d4693,0.15384055991398615
ck_e5d1462846154a75,0.03971347500214964
ck_c69ef0f3e7d6acf9,0.020003643256305097
ck_a2d0417791d4132d,0.006072225648945043
ck_00a07fc2a9183c3a,0.002181217058735891
ck_781b8288e54ba8f8,0.05157055430943428
ck_d74a62ab3804a81b,0.013207364364930049
ck_abcbde211b6267f8,0.023670699931602538
ck_16dbafc035574654,0.009355146023242014
ck_018f780215ecaf38,0.0184353889576618
ck_0b259620eac51618,0.004996503440349454
ck_4f875342394c110f,0.04796609451420427
ck_399e45e5fe9beaee,0.009323070965570337
ck_36224a2d394ebfe4,0.10989771559031002
ck_c189b551bd111332,0.0017947677372312605
ck_125c5a720ecb177a,0.047081844627532995
ck_76d010aa02eb477a,0.0034500605442547884
ck_1071d14c46c92379,0.42037474960641047
ck_61d244b2cde483af,0.012059442242695713
ck_2ff1860da2004c84,0.003402728026572812
ck_c5b583490198672d,0.007597772281037397
ck_1294f7af22fade11,0.13013027367155752
ck_e3a22799716df39d,0.005220371301616389
ck_c77e22834ef97005,0.44502473481292676
ck_73d3689728270a2b,0.002945801013884908
ck_295565fbf77ef885,0.003112909472226387
ck_80c0a7f54ff4895d,0.006348920200591139
ck_f1ef5cf7f10b16c8,0.021499351361649727
ck_a958b2461ffc21a2,0.22185339008955798
ck_0e7899a57cd617d6,0.0019553771474069164
ck_9d4fed252718f58a,0.012280109033149326
ck_83c2c34add971d76,0.0012689435078937009
ck_9ccc030ba2de9fb2,0.022609642695566413
ck_cd691e3466fb3742,0.006930122448650119
ck_49df70f908dfd069,0.06987651119282945
ck_362ce13eec1e33a0,0.0011207157285706433
ck_2452a30397dfc54c,0.009590967433621568
ck_a443d49c2b4863b0,0.025758600871609735
ck_c8b2e2cb349dd0ff,0.011594850604501033
ck_354909fecf5da8cf,0.010926623551382518
ck_841f598bbd54c83f,0.0110086603890089
ck_cd6fbd4e8724f994,0.031603160519143504
ck_e0b3158111370118,0.024928743953376943
ck_4c2f2eb657c2c60e,0.0029008932976926304
ck_ef346071f0b7654b,0.031185305974828086
ck_f3bc10e3decefce4,0.002378773011639041
ck_189b6fbe9b9192e7,0.015990996414521935
ck_5245cbc5ff4d4fa6,0.017645209675092397
ck_cb42e3be6fe87f60,0.006701341062283722
ck_966d4d713cbc7792,0.0017501288279032812
ck_1c8c969667cbaab2,0.5559176534287669
ck_d35e3aa9ef5d405e,0.32008099505497795
ck_a1c39df50a5873b3,0.024880478648721935
ck_a152165caf295b51,0.017277602137656292
ck_891eaedae139828e,0.015171988990005858
ck_1a46b56f4734d52e,0.0054758018039562295
ck_5e36042cfad96c99,0.13615429629823617
ck_02a8582c2603e675,0.008647129855199682
ck_6def9d0429e4ed4b,0.07134466190791967
ck_e137400825a1e3e6,0.04196612407572635
ck_d91ab840848a54fc,0.004181697097062424
ck_becb6e1c608e0078,0.008190259918444005
ck_6fd8c86ac719d7eb,0.13471570302399233
ck_3ed4d13f12fd9d0e,0.06324312648905216
ck_007337aa99a4891e,0.002554173598798556
ck_60c3d8306527a08d,0.0020043640659310434
ck_95458880a54df0b1,0.04861619743339093
ck_b48cd8593533fc1d,0.933831663194312
ck_021c6a4a7e3f1f0e,0.0014416166777809671
ck_764d40f865e710af,0.022919076059813248
ck_4b84357ae8ec7777,0.004160652434995715
ck_3397c7856b4669a5,0.0012272677057148472
ck_920bb003b42e6310,0.005555994597393026
ck_8f59f11b512d5b7c,0.040010621383496765
ck_a3acf4b986afa98b,0.4429589195111094
ck_e89d25ed7bdeeaea,0.006326598668173719
ck_70e6bca473bf6902,0.0037032003547242346
ck_186161ce152836f5,0.007725063770384514
ck_9191579254663f5d,0.004810974851371996
ck_1e6628879e9d653c,0.006317568578020288
ck_b498fa91a0776ff6,0.008829782264809842
ck_cfc2384f22954830,0.06559471032811687
ck_17673a1c2867888a,0.002560537786672242
ck_523dce06515b072d,0.011063317966891917
ck_c20638a325ead2e4,0.0008995698051815614
ck_d3877e1f907cc148,0.03923638335954307
ck_e9a2495dea8675e2,0.014235890758097856
ck_7e561caa5fa1f3f1,0.02080909127062108
ck_455672e652fe1abc,0.8158552426821355
ck_7f8f864fcc90ca82,0.016266978711660374
ck_1ad36046aaeb816c,0.007346582802104728
ck_de056e37c82e8e00,0.05187133327489215
ck_7484c214c889fe7f,0.014897607304118278
ck_32430e678c4f9f53,0.02581345466358945
ck_6276ece8f80ea799,0.007264416099857079
ck_ae8e5dc4b725bc25,0.038970927536744485
ck_f01be92dc78a2dc7,0.01452334466892081
ck_233397a8bd40d38d,0.004575721714658967
ck_f8124911450fdf31,0.9058594715336746
ck_aa0a3179f1111674,0.008297606965350644
ck_2366b29ed9887a5e,0.005508890632293044
ck_1f22f04dfc08cf27,0.005728573007524629
ck_b62276c3426d680c,0.009808379839018286
ck_d099fca88691f66f,0.053447686912854266
ck_166bd1dcbaf4d6fa,0.0020643369772133176
ck_7b1660e942436e12,0.0052085925453815045
ck_4a9a791a1d409a3d,0.05597321123330025
ck_b003e5b54df65db4,0.0341987631050486
ck_64b4dcbf436f0b75,0.021556964225249137
ck_26e9a7bb2061a58e,0.04000679496304555
ck_08b77ad5f8f73007,0.013999113285011988
ck_366616a725afc6bd,0.015577861172270658
ck_934fb5064b6eefe2,0.0005573061981376018
ck_c6abd5d57b1009d2,0.004772261866308916
ck_edcfa9e1cf29d813,0.06426967241574451
ck_c30201ebd003fdc7,0.014147535801928367
ck_c54643d94d3ce355,0.02634659904904475
ck_02adda6e91e49650,0.018096720456724485
ck_5b73d7c5255e58a3,0.08733970054417084
ck_129ffae92dc01408,0.004747002314756318
ck_fa321945ebedb916,0.06867389462123165
ck_8da980cb2e1e2bfb,0.007120250984378592
ck_0576b00d728bdf19,0.05259009781833855
ck_c543d82e22b3c8a5,0.012956101781314814
ck_0027ba644f9ae2cd,0.14028494336937652
ck_8dbf61df902a6bbc,0.0037696757757898296
ck_90eeca1cda79fd41,0.0032384110073389273
ck_86d7127391d4e01f,0.0013758591644581586
ck_73762038c7ff2f6f,0.0029532916520608704
ck_a1484e6215fac651,0.6451320001495694
ck_cb83b9f806e90dc6,0.1884154810387445
ck_8c6f059c95872126,0.012704337627438613
ck_3174419a81e7caf2,0.007948480336168946
ck_6a0f8f8fa4a3c2bc,0.01947823632467846
ck_b5777605668bfca1,0.0030191829913622393
ck_27e4de495abb4d15,0.001942369796229093
ck_7f6fa79c7a107161,0.009613318412349125
ck_c36ed9f8e6792ea4,0.0244889408446987
ck_67a1aa88d2ea554a,0.026691124612527928
ck_09748dfe4df3d540,0.004697776480578469
ck_27fd85b1e38b675a,0.0018553125605807453
ck_2369689bd795ee10,0.006527655913109745
ck_4eb1c12f7d092bac,0.003023744357182337
ck_01fbafc42c8e33f5,0.020063736948875758
ck_93c4e05699b3b7d0,0.008956641791945734
ck_afc484d1b6907983,0.004661236807623543
ck_1b2d9cae92a1aab1,0.19885094032422138
ck_73b729cb161487f2,0.006305974970681927
ck_fe3c1d0ac090d960,0.044131895983872065
ck_408efac1d3885ff8,0.0316348366115211
ck_ccb4dd9d0a48a76e,0.014519686621725512
ck_2987eab34ca7805d,0.025217254977557522
ck_1dbf1f15193197db,0.0554271085104608
ck_4ed711fe4053e74d,0.03271243363282138
ck_6c54adce174f45f4,0.0042223640703919285
ck_a6c740041faf0bd5,0.0040319444227699475
ck_b05c4d33c4f43639,0.023452477525065744
ck_032880f1114dd51c,0.020657190757168056
ck_22311b037456a76e,0.000991363395378887
ck_5866b413549765bf,0.010124988180486265
ck_0e808afe2570ecac,0.03160429524663308
ck_634276b05f4381f8,0.002931391149479478
ck_5d8773badd0d4740,0.00393264414756063
ck_82b5b79ce3517102,0.8529031088164266
ck_b378b8d8100ee4b1,0.03386173317908953
ck_54e581f71be5430d,0.002073713917561569
ck_798ba4b8aa544fea,0.0022841768987440373
ck_3fe86b6331ff95e3,0.08296896168109613
ck_81275d9d4c559e6f,0.009741349390866232
ck_99a4e5ef02d89493,0.02929165288354433
ck_54e2eb018d947790,0.01401313416910122
ck_966901ea9c77cc02,0.01659697398314897
ck_27d69ff4e0cb428c,0.053312889349878205
ck_2cee2dd7bbfc09a0,0.9337878667483087
ck_4136b00924695ab4,0.0009869734289408155
ck_59a164c40c03a45f,0.005212960409845916
ck_3e24b026bc66789b,0.0004645257788255754
ck_8105bcf69a75ee47,0.005844877931021398
ck_7a1782cefe26a456,0.01903076556961478
ck_970c7dc195161272,0.0026439615363095617
ck_a48ec0c00ae20e82,0.05977882879041618
ck_54b374ade34e1dc1,0.0012324168577560076
ck_74e5dec189761d14,0.0024414521182172817
ck_4717f24f2c6f40e1,0.07564634164226104
ck_fc8cd8a8209e802d,0.014186055732029322
ck_71db4131d7efe218,0.005406238622031239
ck_45424ea6f0bc4650,0.12036051979449755
ck_3716c6181a5035bc,0.0184150530982975
ck_26de14b96bdad4f6,0.0037266738618692194
ck_99c0a41ac9c73857,0.004720743744285433
ck_645f15bbbcff3b4f,0.9353309828989984
ck_b7e25ddd41514d4c,0.0027145702006236136
ck_d5c14e877ca7b755,0.007111118189841727
ck_05ea4440dac6cfad,0.03869950218134209
ck_c58bafff7b1955cc,0.007923370485438685
ck_f0cf85b67a9b840f,0.03599033068427766
ck_ce1500a7f0d03fba,0.006339424391282187
ck_d4972a775aadbbc8,0.017203051362507937
ck_3eb6146c262e0fc3,0.005773907595378313
ck_afb23858a4ef42ed,0.9782091766340777
ck_2c1def5c91c52a5b,0.19635667773585555
ck_72e550559487b919,0.003997454045081261
ck_0284dc2b4f856b3a,0.18234326436154077
ck_03be334935e999a2,0.017022814635920272
ck_e35a4b4a3cb4cedf,0.010495553672308169
ck_5abe57dfff4b735c,0.006315674275230245
ck_f5f87f772388efa0,0.031145794675693454
ck_5a22cb36d612236e,0.0008363468185956422
ck_8ff1e6028e764472,0.17397675813669417
ck_2ab28149b0986642,0.0840134186475607
ck_c88fc1bac79fa6d3,0.1357302714686699
ck_5b137d74bba6b1b4,0.0004974870328711983
ck_11f362dca2dfaf5a,0.045101013554476606
ck_7f960541e5174565,0.00378174500409122
ck_d5458ba39ae94498,0.01558977106854348
ck_0a921a73a90c2e39,0.015998117565245558
ck_6ad56ef40086dbe4,0.0061981274487463815
ck_b68199ecccf2350c,0.0006237325043591777
ck_6dac66c8198c07d8,0.0071894060564181555
ck_9b9ce7bebc235fe8,0.012564398938798396
ck_6b817117d87063a8,0.01124724723988457
ck_900d62b3184378c7,0.006422526436691263
ck_eafe9b89857149b5,0.005881098519975008
ck_e74716a525ee5b24,0.0028936159594710204
ck_4e9a6f06ab134102,0.013281870666061632
ck_b0d33b5a3716661d,0.00662930417959104
ck_8703543bf3134306,0.015941147142757444
ck_923d6a0f83accef1,0.017407541627112295
ck_52e37e2170532e2a,0.4396079895823987
ck_c1c5ea839c58958a,0.025541133396524706
ck_660f0006780e87e7,0.005037218604676708
ck_830b2c5d1818ac07,0.25833799616887904
ck_b080ff636932d1f1,0.00024181630581147204
ck_38730aace405f2ae,0.9972929072753176
ck_9790138467a06223,0.0029776052344574317
ck_10de0b0d86b17839,0.010074379693052042
ck_c3e37a4d3382c32e,0.0007920890514963545
ck_dd8edfefa1eba531,0.0026926528782964462
ck_8153cdadd300d234,0.001332946170743828
ck_74d0e7c2c6b63d36,0.9448585717405142
ck_c478aae3031bb328,0.03288926703801661
ck_cf301f2194975866,0.00739052920270007
ck_f4de03f44e3a5bd5,0.003711399839096988
ck_b06ce826e593b210,0.027599252683153542
ck_2fc70b6baf6a0e26,0.007951643498720962
ck_d208494cf5c90047,0.09449837460708321
ck_086d29ccae565e5d,0.0012061207882279525
ck_d5ef6dc116dee408,0.010573343820728548
ck_fdf0c5b722d83464,0.001823318041849875
ck_de8494b13adeffb5,0.008122048961377113
ck_556786868599143b,0.020993153133098845
ck_4940e78cbdcfecf3,0.01421319135355115
ck_d32fbbfe32c00416,0.062283026929279395
ck_bc7710f7e9fae649,0.0021205791814441844
ck_416f7ac57da081a3,0.01094581962232725
ck_6fb39b60c67d5475,0.0035367793407809923
ck_e40a156511345d6a,0.0011667455836353174
ck_49ab879b5aa7fccd,0.12983744947287576
ck_bb643194d1cbc47c,0.9917663853725982
ck_b3ce8f1bcedfa043,0.05126279870527155
ck_558ebde8c29132a4,0.018197541177374627
ck_e6222925762273b8,0.045171811042628754
ck_bd80546b4807dd59,0.003853685608324657
ck_bd21164bd2bbb635,0.06453850951883942
ck_ea835557d7043667,0.005133633102449248
ck_1411a80a157ff39c,0.007323488010061127
ck_ab973888c20c9120,0.11860275977076021
ck_95b48972061abe82,0.008569854602284327
ck_fc4a43f8876bf10f,0.167756140919482
ck_f34fb7ccf82f41e5,0.016158295168403242
ck_5af9934a56801ac0,0.009213615229466376
ck_fc7445ec76389a58,0.11793906995405713
ck_1eeacc26f02fbba4,0.01646565324019329
ck_4f325dd15c9bd45c,0.03970588604899122
ck_5009a6c8bbaf15ba,0.03956358504469827
ck_0f3de7f074bb33af,0.004830607917648361
ck_2cbc2f93a32eede8,0.029054778155673023
ck_4bb90a61c21a303b,0.019236580780078165
ck_3ade9eac7d7b0dbf,0.10334856328329312
ck_4859a58629622915,0.1811762324058652
ck_5fed957287ebca03,0.0019218638360910302
ck_ec01ae5351500355,0.0027198934854882778
ck_703b41624ae6a5b6,0.0051403808204203375
ck_97c38e7f61c27e47,0.012514188989982664
ck_db2c0908150cb2cc,0.04533076425113377
ck_64ac5e6fed86ab60,0.928041615698201
ck_da1c853b0a061e83,0.01619232542240447
ck_9a36916b60178ded,0.8802404128048086
ck_3715bfa7fed2c675,0.0023357771993734013
ck_dd3feb77d7d4f6d3,0.00996761205343502
ck_982ebb24174a4ade,0.00585432483866851
ck_f6b7a10d47dd9a1f,0.029392709362736073
ck_1f56fe99f250cdf4,0.015420126938928413
ck_deb3ac0606d6f6db,0.009112063643686065
ck_e666629e5a41b39b,0.004885784858360804
ck_756d2c13d02b3e09,0.03231298370604935
ck_7bc752ae7cf5d55f,0.026054006191000588
ck_fc0cc4b25e6a8194,0.007483105260965512
ck_9b2b0e286de78a1b,0.022187842571602345
ck_24b0803447211bf3,0.015987382979815834
ck_82eed68d05a42128,0.04483273450823674
ck_c8a03c516ed5b05c,0.04345468654015884
ck_e914974cee1bccb1,0.01558207087090727
ck_0c533ff2d0f9962a,0.03649005881530144
ck_c12805fa5d970a83,0.028988537590778612
ck_fc2cb29918631f10,0.07096743184189726
ck_c20e89afe575549b,0.00892941737670381
ck_e1ff9e31becc27ae,0.028497089425773395
ck_18116d0ac08f1996,0.9520682425957885
ck_885a83975cea5e64,0.002720419604168431
ck_a0c3059a959ba5d1,0.02714853532865118
ck_75257ca7d7da2861,0.021831841962302173
ck_2210f7a0d13bdbef,0.02270553560051789
ck_9cbd9ecf8374f65f,0.010329380534396625
ck_18f67c00ba21fbde,0.010231179987454765
ck_2d28f14d3973d8fb,0.00161535259329261
ck_8b3401b44aaae728,0.006327816123403288
ck_9d8e9ef37797d3af,0.6092300797508454
ck_9f50920c894f64e1,0.016841168898815973
ck_4737e0d56c6fa0a1,0.0155695812716338
ck_52c311f29ca3aca9,0.0010307559950004698
ck_6a4981bc721df37a,0.01673625515449038
ck_823539d936c55fc6,0.0004517402811350174
ck_df5aedb4118020bf,0.9533922555969424
ck_a911a066ff0f7b56,0.032817770779848376
ck_684609767df4a14b,0.0776553153768613
ck_f2350bf355dc919e,0.0047756958454822805
ck_8452b6cf97c65a5e,0.030525865223201557
ck_084cd84501012218,0.8173935680485768
ck_ace6b72e5bf3e93b,0.11939901672970243
ck_2afdd69094c955c5,0.04514025163994531
ck_fa7d5be26bf7b31c,0.10750213268505368
ck_4b041217690fca2f,0.036927162813292155
ck_9fb8e3d38cdf276d,0.9129904266368722
ck_c1ee56d65a42f59f,0.01993790358497968
ck_fdeaa1cd085691f0,0.048237083788499065
ck_5de33a7a87e9aa62,0.022062600609587115
ck_7476e7fe1ff45545,0.23400079168930832
ck_b0a947b498e47018,0.022736872093321307
ck_e3894ed88a7977e4,0.005351809135357738
ck_c7e07ebfb0bc15f6,0.05731919498139592
ck_3a3daa8b376f2a18,0.002175765198276477
ck_87809324c2675b0a,0.021433392423072108
ck_7eb4f33260f1dcd4,0.024562230338364063
ck_ab9f0e08af030060,0.022801859192427883
ck_5b8fc4a76f340797,0.07347689896682591
ck_0e7bf10ef49aa818,0.09662193355770123
ck_a44462a3853ac67e,0.995005019071711
ck_2d14bcd2e0fc043d,0.004193996181468964
ck_df1f2dba802296be,0.6279938077403308
ck_466a7316eaf149b1,0.054029202126634035
ck_50df50af592b0c06,0.059316816753984446
ck_5f9e34c849704b95,0.0037430113217307814
ck_7836bf6def26aa87,0.07239681331637648
ck_ba175b1bd8efaabf,0.0009411073214184157
ck_1a0aac7f7b94b1be,0.14456280896368115
ck_6768c4b2aa8ce586,0.007935956838679677
ck_eefcf0ed15897898,0.017759247357699667
ck_7a6cb27e390b6ceb,0.0073869560170431465
ck_5275be4e1577c1c7,0.002357558240532389
ck_6bc0e5b8c0b7d2bd,0.04023163488645589
ck_4874bdec79f9106c,0.013259537396621585
ck_a678731156ad7bd2,0.1916430454165478
ck_db906debc36a5d1e,0.06180533113488935
ck_e87897767c612942,0.017555979790764013
ck_45ed5ee496ef8a67,0.005312640910890305
ck_ae20e28f9854f3ee,0.023035624579777196
ck_9ee044b73943a90b,0.0236399612630259
ck_dab34cf6f0626c9b,0.03144189607951614
ck_64a02b7b96149810,0.0015952806841577354
ck_c417d06f3e94685d,0.01875533317489508
ck_3e0149cdee4cb294,0.019772024250528503
ck_0e6046fc30f81705,0.005361197166472603
ck_c383aeabd53e9c89,0.046881750651817815
ck_2ef76f1f36e8b869,0.028512576615220216
ck_43948784650bb9ac,0.008828080343765435
ck_bdb966f43ac350ee,0.03257439252293545
ck_5bea0e0ee0b094cd,0.001317984775784192
ck_dff090f03ca5529e,0.010473067266452002
ck_a4691b57f837d88e,0.02523431021113364
ck_99ee90946395d74d,0.3375909427614103
ck_cc81dbc83a8879fd,0.008715087854091485
ck_f3dc0725621b3a35,0.005636397232590277
ck_1bb212d1288b9689,0.09503596134643591
ck_9e7278fc7679f002,0.029684892801681108
ck_3ded7a8720d7e311,0.012242707747101969
ck_798157bcdb9453e1,0.0028398694631313038
ck_9fba80f56f357fe1,0.009390437945070362
ck_f1e1c8491f16f912,0.004288186912427066
ck_7b1319a5ca2f63c6,0.9756166657182178
ck_124432fd5c92af7e,0.8025004987405315
ck_148cb0c723284dc0,0.030689058406546888
ck_b56c62c950eda009,0.0017324253519439986
ck_a0498755cd8d7188,0.0013717228540945832
ck_5379452a9d74efae,0.0029657344913894593
ck_6c2453229d608183,0.008777796912606712
ck_f9d8b4813a88c1e6,0.022759083748568
ck_c2c7d1e45a521857,0.08309571552448736
ck_4364a83a11743888,0.003547587950527133
ck_2cdf5fd97ba75e06,0.06663083410997393
ck_71bc01291e0533a0,0.009217884080733065
ck_a725d7aed2a0bdc2,0.0008696796730263929
ck_a9b0c4dbd7db6a91,0.0372501736282282
ck_a4258806a533efa9,0.018145602845793682
ck_905e460591d9a278,0.11147060313474563
ck_20de8abfd8960ee3,0.03198845683090562
ck_252b0a0f1119b220,0.003789262567787324
ck_95e4bef65c36af1a,0.0012503995169266613
ck_5ab68b434ad53fea,0.004862962349728221
ck_13677a1957078827,0.003993538384196929
ck_d251e9fa09e542dd,0.9972313968655298
ck_700cb620f300dd47,0.008043092540732832
ck_39a68c55a1bd3ace,0.1602685651933438
ck_61a59a7944d6c53e,0.13936231319097758
ck_db6d1c6d31da967a,0.004713867709005163
ck_650020c500b1b50d,0.013807149211637929
ck_d812eb6930192793,0.0032064739977019237
ck_92f6ebc11ebca89b,0.0972768121344841
ck_d87e26eb5bc84b01,0.0022178363051086687
ck_66439e697695224c,0.0006747000966474476
ck_f21efd504faa654c,0.005756218366818617
ck_15eed0f5652f0352,0.0016074300761167773
ck_bcdbf57d98dc0d27,0.032607861935789954
ck_873ceb8004d3a9f7,0.04351658562579739
ck_70bef9ddd4bab005,0.0004713408353207859
ck_7560f1891d66f294,0.0018950237974563757
ck_f439f16f8693883f,0.01117160890506186
ck_14f9535e53f9c7a6,0.02283471572971012
ck_5984be472d2bc267,0.24374641742469702
ck_ed01be7504dc4187,0.08541927623176579
ck_dc3d8b5c17b67ae9,0.00528086587437628
ck_9dc23031b6b494af,0.03411595975684296
ck_fbdac0221bc03f66,0.0331489215848866
ck_863708a99b92ef0d,0.03261568357980306
ck_22b52654776a1ea8,0.3004565134571139
ck_a0714f98001efa0c,0.020576957023406093
ck_9c56114f84e9a541,0.004493173460459567
ck_e155cf506b2fb699,0.011069945128303869
ck_65ed7e72f24731e7,0.005169735159412953
ck_822d6e8e43befc72,0.22571895806882958
ck_b1182471d9ac6b26,0.0009982904563885333
ck_821446adc95e6da5,0.02247356884344718
ck_ff182f033134dbb8,0.02632038284669243
ck_9c5feef7647b0588,0.01132471576028329
ck_df935d8bdd44883e,0.02109218687317334
ck_01eb24c18ad11fca,0.06146465403169967
ck_00d6730134a1eb51,0.022088699613996954
ck_79ba8e85678d0224,0.001146307879053169
ck_97e3b04a1350f6e4,0.0361844983935959
ck_74e9747954a46eaa,0.031962525222825826
ck_397d5fcc9972f909,0.035817123075207714
ck_9ede89e8a43c3f53,0.15168276246842835
ck_303b33910d67f306,0.003239650591516776
ck_3c17841636f6f7dc,0.005148018212508141
ck_78730527f8ba1438,0.22736986342177778
ck_5ee32bc6bb5d1d4c,0.05387509230926477
ck_a13fee8cd925d0dc,0.00913404330367523
ck_6f847263379f2e43,0.043763927737056826
ck_9b9d9e579e7b55b2,0.21547162168613987
ck_87c1d0a79e79c84b,0.008513404377456013
ck_bfc453eabb472f91,0.00499190987116595
ck_978c21bb5fe3171e,0.0347189388275765
ck_dd882323474431d4,0.09290200086578194
ck_533c4f7400d5ab22,0.29835577908810823
ck_5f217bfe28954e75,0.9976256339975
ck_ae96d35465b3b4bd,0.011579022752028474
ck_512ebe97c0af94dd,0.04486489391721759
ck_f558fe02bb0219b8,0.01664783472291607
ck_84092e23d5ef4d51,0.032807522774520904
ck_17d3022ca12eacd7,0.01163341123164665
ck_8a8f81bf3558fd9c,0.011543880277604605
ck_0ada6fed1864e7c4,0.015300467854985735
ck_21fe7bc59dcd78fb,0.0017290200657687066
ck_e136e20c1c74fe38,0.009058209901102872
ck_e7a530e09d113dd7,0.18249638855643865
ck_7cb0c9ded4d63027,0.020529086101486647
ck_102db9615e722c9e,0.06294501892909529
ck_129e39ddfde92eeb,0.0004607963373674348
ck_d730ff21bfd7769d,0.014802212038737524
ck_54459b45d2be8459,0.00463240092947247
ck_7f1c20319eb60aa6,0.9968698575800745
ck_939fede90473e412,0.003063817140332119
ck_e0f9506a6d5f4a1a,0.0034932673305011247
ck_9a4967cdf49265cd,0.23154547017694949
ck_b9eaf03453ac7d5f,0.006670942327113139
ck_522477be6376b450,0.012832772265960584
ck_9b6282e3bad50710,0.01271262501919297
ck_a0e3a2facd508e49,0.06583399216641343
ck_97ffae702f7c3d08,0.0017618683613432869
ck_344a95cb7115ec67,0.001949453358018221
ck_1f2760764afa45e8,0.004146919732997805
ck_720cd658d11ea428,0.05813309434731375
ck_04e32ee9834c088d,0.17547668731555857
ck_2bb1389e5e72c8f4,0.03986505275836551
ck_961e7dbc217cfbbc,0.00239880996135587
ck_f3bce4eccfa6d6bb,0.004117633446904427
ck_e0ccfa0d689339be,0.0034110811883721337
ck_98217aeafa0bfefd,0.032394097570443155
ck_a02aeec1914c158a,0.019256207798679023
ck_20a17e8f206a14c8,0.03384820181680992
ck_114c32aad4b6183f,0.027028866759681757
ck_79f5198f0decef20,0.0033425236289286813
ck_2209de229b4c71c5,0.013244740250214075
ck_6ee939b7f396975f,0.008514611202150541
ck_202f0c14b07ace01,0.058099918678263564
ck_fa24db9d416ab904,0.008615285020173965
ck_cf6aa24b92c4d33c,0.27460523319612584
ck_45f57fb8194cefc8,0.017295958933007012
ck_d5eb179dc45394c6,0.052502961402397116
ck_efb24be983342f75,0.04973398297573492
ck_245f5d62ead5ef28,0.0020803241816179196
ck_15fe2a47fa7e92ea,0.006493438538996169
ck_b6527a85fd682554,0.018944752620177033
ck_11f9390a11ce9ff5,0.029509205813838812
ck_ffb4d892c5158201,0.006612843918828867
ck_d4c1da5a1427fd6a,0.07126150235128369
ck_2c041b1efb1c5063,0.014330167316472521
ck_ecc18f40b33be769,0.0717721331522623
ck_0525349f3945375b,0.028825430480594286
ck_0bfe62e0c7eab9c9,0.010670646689256807
ck_b7c37d410b1646c2,0.020531754779900525
ck_4b15b0746318cf42,0.06013140204606976
ck_e5ee006ecd8ff661,0.0263451890439
ck_ccc83cf66365357b,0.01834504458636784
ck_34a33ffe8339f66d,0.8786039112220738
ck_4e39e3b165edab58,0.6541496731495449
ck_1a71f8081ae00190,0.7499958639823876
ck_ed8f1200fc049c40,0.9958720705895416
ck_8a5a57858e8c77f3,0.03070802486196614
ck_fff9fdc2adf5100b,0.7804804610700191
ck_c76f1bf40f3b787b,0.0008220972801606356
ck_1a6ddfeef82b1b1a,0.01218765597480955
ck_478d2667aa9896d9,0.015881435192146506
ck_641c8e7694b21f3b,0.022998888166987006
ck_293581d879f6663b,0.6497825684305705
ck_1bfa8abdb22be8f0,0.055713321974065304
ck_05ab5b03d0bf9ce4,0.43150939993213394
ck_35694db37f0cde7a,0.0010648416803169356
ck_fe33eb743d714c03,0.01738644353326338
ck_abd10fbcbaf2b038,0.02878086673336713
ck_46d51648c1bf80e5,0.10215810545281322
ck_5c8390017fabfaef,0.004842513416768104
ck_87d55ca333f22072,0.016989305083098708
ck_c39c6a1453e2b92c,0.0029442517660459157
ck_69ff1b0aa143a168,0.001973750661912399
ck_e57c79eaab35ded7,0.002362305454955949
ck_463ae759e2b6ad1d,0.011994224206396752
ck_0dae4a7eb587f3ba,0.023623668279605207
ck_9b12fb56529ebc4e,0.02770440856842252
ck_1af547077ba2dd03,0.3608322182631621
ck_de13de941bebc7cf,0.0011475951489549224
ck_83dde7da2bf647ac,0.0018188098069032224
ck_c80a94d4660041fe,0.020317772061121737
ck_f39cfeb277ef6528,0.0026010646845745504
ck_1cec1ed1512a2d3d,0.002782196195186323
ck_7955a359b6448799,0.0016314498869475266
ck_8c0955dad13c3ca1,0.00151382115307009
ck_6d4cd2de601a2308,0.04745604549327248
ck_f4536ba8dd2d551d,0.010708150585254934
ck_b379c198d6db2d62,0.016675352042322133
ck_76ea90ebc74bcdc7,0.051949708189119835
ck_734f06bd4aa92781,0.07377449508784377
ck_677e1d0c14cbf569,0.0037213204646811076
ck_259271c70f3fbcbe,0.03436026594470136
ck_c0b744eb9e7d4eb7,0.005447285188129175
ck_3d41faeb96802f68,0.002430425063332039
ck_8f604fa70fc3c8e3,0.011319097916093363
ck_0b3c3bea0e0ed339,0.0049094899128108984
ck_be5df076b8a86409,0.0015723485636277613
ck_6a475fe324d7d790,0.04605179209490831
ck_3ba3fa5387bacee8,0.0010942032117540093
ck_324b9939d9c1c31e,0.0014438451277983863
ck_a7fcf7b592f68ca1,0.03859343388267618
ck_5b2728f7cca414ae,0.0013000508853274156
ck_5f4a25ffd0b85a47,0.010246707011139064
ck_63d4f5076fe4406e,0.02044186897119243
ck_af528d66c86f0cb8,0.01222698573268684
ck_ac7cdb9b8da7b5dd,0.026300796616665942
ck_3bece63711407e25,0.021212441471339098
ck_d4e0b2a12fcfc35e,0.003510939988597054
ck_ee3e7c9d3a9c74b4,0.08381291976618761
ck_50d7c4dab837bf66,0.011250515820003316
ck_ebcb93a2990fc914,0.16968334896321308
ck_2329cc9702cdf7a0,0.07533569872620442
ck_db1fa53d588bf99e,0.026298345276526587
ck_44e57a0bad5a0745,0.04356988814495729
ck_472c81a144f4631b,0.006962836099212353
ck_1658429acd5306ba,0.018505107718349553
ck_466103ec5bd9444b,0.007688217203927321
ck_9757163e25262b74,0.08187294361040426
ck_34ed59bc2c9b0186,0.005240477091616964
ck_b7bd3a7f263f4f29,0.013795703805564302
ck_149662b09d632e41,0.00487923510942816
ck_a9ffd6b3957bd41e,0.004373493764121789
ck_ab80466ef615e85c,0.0063154245966785295
ck_f2c824d3473db24c,0.004045603053245915
ck_a4a01fd45936b078,0.03471082877658912
ck_8f6ce158c2902877,0.001266101925024432
ck_5189a302cfa7cefd,0.0017496017051807093
ck_430a3d03be588201,0.019909999368216604
ck_b5f9dd00914b4db4,0.010534233166876008
ck_52dec82e9cf6135a,0.003169969075687534
ck_95e444a01e2ab4a5,0.026658610787340668
ck_e37cee7b123692af,0.01759840564116925
ck_d68d42858a55adff,0.061246230597324015
ck_3abfc010091d679d,0.03335766763309063
ck_cee4e4e1b62bf82f,0.017664986340917274
ck_9ccb17c35e636c5e,0.014673784640416314
ck_f72a5a3b0d6c1177,0.001532797069280875
ck_7508aa554fae6afb,0.012588790886455046
ck_003aa842b7ca1d77,0.343127497120882
ck_83b2b192f41ee2bc,0.2922776769447406
ck_64796b6b2c3c7f06,0.017254605793000623
ck_6438ae81d43cb196,0.014468540109066211
ck_2bd73d9098504760,0.11661475630904103
ck_aa8b9b36a099e4c8,0.008849136913236974
ck_e5ece47d0dd10526,0.014042230393386484
ck_16077ac345472e6a,0.00625659041828125
ck_a4d6e152b0076964,0.010185734644436124
ck_d90b1d03ae151f62,0.018283066960553162
ck_18b36d342b530af4,0.00911954974372806
ck_2a01e610348b84f8,0.01843139493980287
ck_0a93ed76bf36c8b6,0.0067117183986068075
ck_3d56b477fe2370b6,0.022628661955816892
ck_17ab3068fa303682,0.002526473748616626
ck_592a3520d841d11b,0.023326812536270166
ck_84d07028b5fca2f6,0.028390391448337545
ck_f4a2bb10afa85743,0.0022824530051834073
ck_4fe4b072f03f2c1e,0.0020508092971576815
ck_9ad08fcc183ea1e7,0.004019443987989396
ck_130d3848b9dcdb05,0.0075160723333353155
ck_bb399ed6bf28c230,0.06055713338570672
ck_a31a64a39a2c4941,0.004104815234654916
ck_c49f25dfb39909cf,0.01816714424054025
ck_55f50a9ae2db8ff7,0.0009212265390650562
ck_09faa4e771cf876b,0.017525511058402637
ck_df520a7a6e405889,0.010749706813225162
ck_8c8c98cc694ac900,0.18190183019125136
ck_7f0c4f609673ef62,0.009356521261951549
ck_f51fe59cd445d2cb,0.04073606407854275
ck_b3fb83f0d772a831,0.013719886309918522
ck_d6e7e257751c299b,0.0024032895599771
ck_0d362ddb4a1cb6d4,0.005187950521065364
ck_a574a08edaf81781,0.003230132136616932
ck_a823f5bcb0e4b9df,0.0005209455476148311
ck_f792586ad0381eac,0.02924096966863941
ck_54bfd70022c66983,0.0042086853263416345
ck_fe0a9372c9372de9,0.0035193755942543445
ck_5691cd6fdb6d8147,0.020471072149542618
ck_a95f212a02433d23,0.0018810178250688982
ck_f5adad75e1c06731,0.0672611609377045
ck_e09c97520eb0533c,0.011898322326672326
ck_a1e13c0d58560340,0.002100256989024699
ck_cacc2ca410cbe80b,0.010828392721657974
ck_c0dde2a6ef1e08c5,0.005527064721792521
ck_a04403073c90ce38,0.0003626967158247594
ck_03d3026107175dae,0.01625459694377936
ck_50176dae5b1b716d,0.002790734468031222
ck_6c084bfcb38e96c3,0.04971933190519998
ck_36d2be9012f7909e,0.0226399107064353
ck_958acf84c6137a22,0.029766082646532986
ck_114722e12db90a73,0.005053685380256119
ck_203c2a22c0c165ac,0.050345423151925944
ck_2c44ca550e5cfa82,0.023048834483022824
ck_df0a8f20ab8f14f4,0.027230797320988938
ck_826a27ff7555192e,0.005872203821048701
ck_09a988ebcf062297,0.05242315130611703
ck_5c82444b3b9160ae,0.044949496166841525
ck_f6a4a7ed27fe76fc,0.05544509504293645
ck_17de46314b5c6a92,0.013847383198196155
ck_335e63101b1e6c4c,0.09282234747854402
ck_c5eefc0697451de9,0.09181155406821175
ck_49a0efb5d4067b6f,0.08044324412162653
ck_c1f4509c8f5dac5c,0.004995452422397762
ck_57658eda1c59bc52,0.003109896988677138
ck_0d5c0736ec76385a,0.001076566806876106
ck_e0239e6ae30795a7,0.04181689892808572
ck_e4459115cd8e5e4f,0.008297126781676899
ck_bb4aec09d4968dda,0.1003844832111508
ck_a1b4c96faed3e0db,0.03158333184029617
ck_8247b79ac67aae7d,0.0435173796124505
ck_fe2fc7d6e5d83f09,0.00675670226253703
ck_f6aea576cde8d592,0.0005118302280161788
ck_b7e7f7d0cd886412,0.030774063505395206
ck_ca7b993e8286af7f,0.009046793755667698
ck_47de038381a9cd65,0.013445922286933462
ck_d38f941d09eec820,0.06542371623296477
ck_d9ba2a6c0d926b4d,0.004687665741972335
ck_cda72f597330d0f3,0.003959937778008602
ck_16d2d27fadeeacf7,0.0016741603505417344
ck_be05447853d423a9,0.0013571184930374588
ck_cd92852d7376a4a8,0.002097160930516997
ck_2faf7ecccc9fec58,0.0004268649528454163
ck_db8733fd92f20cd7,0.052085509334305245
ck_a9989a3a94c26634,0.010963690316130972
ck_957fb25437c75e41,0.021521003476392655
ck_e6a6caf6e7de17c2,0.0063738518303339655
ck_f7bc569b37e8bdda,0.00997948291901664
ck_703b375dd86a6124,0.044811540175734695
ck_d3cfb3603f2c6ca3,0.06366682586589445
ck_07cb2b6f2a4303e1,0.04101731785925782
ck_31631e2028d4f855,0.019322615182291294
ck_1631bab0ba1256db,0.02025848091985355
ck_5fdafeaec036f016,0.00695748337397134
ck_6eda4c36aecad602,0.009158524236520825
ck_bd1bf9e3e29de281,0.06989962721573598
ck_bf378ea558a4125f,0.7113908763127839
ck_7aa2deeda0e57412,0.9552066178418374
ck_d229cf7f5a3f38ca,0.022417868024295823
ck_9e109edd124492a5,0.005564939295457667
ck_779491819995625d,0.04367289712627515
ck_b89c6fa2ad0a12f5,0.010865309681313032
ck_1d01b4a609918c4e,0.9376118942647005
ck_714c5d7cb17bc9f2,0.0043996375222630415
ck_269f1746f2609ed4,0.0035182512403872327
ck_4be03a2aa62b93c7,0.001632286436742762
ck_cf920313f6dd28fa,0.03377106160898634
ck_fb00aae4e17740c5,0.0032402000735580107
ck_085d8c42739e2b10,0.9929305584078854
ck_c72a7d0d03cf3e17,0.45937640791413265
ck_8f6ca5d3b17eac6e,0.0009816842489877775
ck_d9573100bbff4014,0.07956182525457023
ck_79d6793d1d0cf43c,0.0019919152906129243
ck_91fa5032f7aff0f1,0.08704820402826627
ck_87110d84872c0fed,0.03378269278082734
ck_8220da627e9992a5,0.0033532115725257313
ck_2ae44938847f3852,0.008257550570233666
ck_b0f191e44f9b6f35,0.07908226058737426
ck_3049d744b527f4d0,0.011897734769423985
ck_47d3e8d1dd3fbcef,0.00992828262098072
ck_ddf787359d2b5deb,0.0006839286898320807
ck_b27a9e39726b26d9,0.0035779546542606773
ck_80c4e9274cf976b6,0.9869889808021315
ck_c6afa913168ce8fa,0.014515321606759078
ck_52427b3f8478db19,0.03469643035880965
ck_3b810f15ca0eaa55,0.012450904649941145
ck_0c9e420f97baaa06,0.8060490936822632
ck_f8540cf3a8b2f8c9,0.03395267426432165
ck_1402d24dd623df72,0.007974902661015972
ck_eb4f4267e24d042c,0.004736402118466767
ck_6f661b428d6fb8e4,0.013726939651534077
ck_519a26ecf3d29c90,0.0014080294890566275
ck_e886ba71d4a6fd73,0.16035992848000394
ck_437f9ecd2016a1a8,0.003610641908199025
ck_f01af1b0c977cc06,0.006679627856810828
ck_614f777c2eb5d537,0.004837654477755635
ck_b804e784cde9af8b,0.01701104841803147
ck_c2dccbc1b24b137b,0.03068325656706118
ck_1df4a1781a0f6999,0.02481529147547186
ck_bd2cdd53fca26171,0.008375161436553027
ck_424c254249a109f0,0.02017620499817465
ck_cf2ca4f286e289ba,0.01780875278989866
ck_6c33cb15b0d8af54,0.015429727663352122
ck_311d395fa9b8550a,0.009080131219285604
ck_9f792e7e721ff7f1,0.003395074574291989
ck_4c37586080edb7fd,0.0003749369981984622
ck_7c4f42c5397113b0,0.0055321619624126425
ck_fc418f53ce4aa579,0.945655157579865
ck_1ba28fb7ef726ce2,0.020737315271876916
ck_d932f98bf6b83956,0.0781398798583941
ck_248b3659a9239240,0.018906073200586127
ck_6a92cf5f4cf5de38,0.052799567511602884
ck_65519d0fb137e0c5,0.007590956351957342
ck_ddc3fc99eaba2064,0.02485407154323615
ck_7310cda3bc65a73f,0.006608631271749552
ck_c01c85bd631d4054,0.005352738262244024
ck_b4954d16b9749829,0.02521117724231501
ck_f301f6758e170d66,0.030139461417562387
ck_9bf95f8c47e7c7b4,0.009265543852632393
ck_c91b7fccf6aeb4a5,0.04345117042022049
ck_785fa45e86bc5e95,0.010198236719916593
ck_2a65f1cc23f1180e,0.0006857485428857782
ck_a49a2c1f881a3560,0.003945591943010958
ck_def344d68f06d749,0.007734573193865991
ck_abbd1465fc730d78,0.0052163617075550095
ck_07a5610ed28162fb,0.022630898289649225
ck_7ecdee2d7127be8b,0.0058738998899818045
ck_67858bc00e81490d,0.00040180279682247707
ck_b4ad165ace910222,0.011701587741636581
ck_30753ffe481a1b8c,0.4527809977390471
ck_c401a26725b17177,0.0024259437645061843
ck_819988d8a7f26415,0.0048753947450770885
ck_3364a1d9261b3638,0.015091290922904265
ck_c484c5bda389bf20,0.0007408510133532291
ck_ae416325fef92c9d,0.9188721023638866
ck_5517b9a865960542,0.0037625373672867083
ck_a0e96fed380440b2,0.006832084591605606
ck_e83409471d2b0b44,0.03794667375338325
ck_127273af97d7827d,0.00593252821596886
ck_aaa9861c91bd14dd,0.013178859091588542
ck_a378c58294001a36,0.9537002808465153
ck_abb9d65ff1f95b64,0.02783045547765939
ck_a5ecbefa849ae569,0.006967041346659776
ck_aa9953c0ca2bed7b,0.0006170856758360205
ck_40bc6de252865f32,0.0051410837383237965
ck_9fb11688dcfe1513,0.008059641273961018
ck_ba68841ca2ba073d,0.02904524458343252
ck_1d3e561a7d20be0a,0.9499402340346087
ck_99a92d710a29c1d0,0.007265035304600949
ck_ede2e887697ffac0,0.00100519902492549
ck_e6de67c0d82a7b83,0.011958899296852956
ck_6b38763bf5ddbcef,0.01727406648383364
ck_8dd44eead7d765a5,0.01609481028755085
ck_30bf5b0056eea9e9,0.1758098810620973
ck_2981d16f8a51a8ed,0.055637065362592275
ck_fc60f42c68c7024f,0.25537129589791785
ck_8e2b2251ee224aa4,0.02801910284796256
ck_1906f0dfaf6e9bad,0.45720809203534923
ck_dcbe6814fc4ca0b4,0.07973212577261339
ck_f7e958a286ae3b57,0.008125158995079223
ck_713649668a7ca824,0.030694959029367936
ck_6f73cdbf9305e2ea,0.011683466899210132
ck_dd1c490050cd9051,0.05942144522005413
ck_e30db36e376606f7,0.17741740804086398
ck_740d8fe8028b5a2e,0.013327705180198596
ck_ebbc9418cd41f692,0.0009441205563536215
ck_7b3cc6cc3f250f39,0.008802736965157269
ck_1d30eef7110809e5,0.28963571531375865
ck_77e0589ab339ca66,0.011900844899227011
ck_15ccbf8ff7d14086,0.004830410503309599
ck_246989b0c288664f,0.042136372543359536
ck_fc2a6e27b10b10e9,0.002474265587884615
ck_8afc1112c12f5402,0.014491921307992017
ck_a76e8d83b9141364,0.02807282031974826
ck_51d3e8dd7465c015,0.0027441805637728055
ck_e7b4016909405981,0.003593225549622521
ck_e7a3cfb9bf908e80,0.029833771971385505
ck_2bb49dc2388cdc1e,0.0015876540493969752
ck_94f4266ee7871345,0.0024968742571563757
ck_b2c896beec146477,0.009723053828485574
ck_fcf5d4a4748cdd53,0.0037916116027758833
ck_fd0483639811f62e,0.10877851538825609
ck_9a21d183524734aa,0.047741948113540864
ck_1df4b46c0a4c317d,0.03717992504719206
ck_638df9e8a22dfe0b,0.0045454379595848485
ck_65acc43a6dc3e65d,0.012939445645037333
ck_7c67b73196e3d0d9,0.008088962028268767
ck_b0ee3a98175b462d,0.01425071978771359
ck_20fad010969f1abf,0.0007554164218705209
ck_54b087bd873af8b8,0.010334327101151116
ck_8007824431fa803b,0.0066637636461142746
ck_23aab322810b9fec,0.0038357588984725324
ck_c8001bdb9aafc8a6,0.013404860966343208
ck_3a34c3ac83cf84b3,0.02613821637931815
ck_60187ac2c473a662,0.9682793554867917
ck_6a0ccd7357979f0f,0.15040876602867767
ck_27f20337bef5ffe0,0.02818230091310551
ck_f9fc468915afe49c,0.03412409914396399
ck_1eabc15a94bd9009,0.015675828104260808
ck_26896c494b2768ef,0.01065434226066715
ck_348c874eaf0354f4,0.05320016134296477
ck_be9c46acd216b45d,0.014402643679137902
ck_a3cce46d15cc20a2,0.04281800824107467
ck_70804f60d9704128,0.05162384659642386
ck_a019151ca8e7527a,0.03130962593805962
ck_571133b2aa8ead51,0.051978875932010456
ck_0afa4449f20d5196,0.004935263178083234
ck_4d503c41cf4e5034,0.047980082066118056
ck_d6fb9cc5171e3e9b,0.8976545277570819
ck_05ed92a7c3e10e5d,0.02691980366163398
ck_bfb067986660afe3,0.06491559776886287
ck_c1a31690c8573226,0.0008722626674336505
ck_cb88ef3dc1f42225,0.0019013574993423541
ck_21e3b3bd998745e5,0.033496444493459204
ck_cf52e46fa54e4540,0.0019362887329731093
ck_b72c7ac4208052ab,0.03149595403054074
ck_e6465c56b337e6c2,0.015684505188107135
ck_5f87eb05d18186c0,0.007703920482740284
ck_263f6c5ff26b5e98,0.009125216390288035
ck_e0b7e2c0bbe228d9,0.0008227176242935401
ck_b657ae3c146cb7bd,0.002034527873157605
ck_abac514d8167ea58,0.01082224708991357
ck_024dcab126876002,0.014777046298939705
ck_5d8481e2b38bd99d,0.009609258688920416
ck_edf229c17d25dac1,0.28784592271980053
ck_6cb7c97b72d6b5d3,0.01133743445366362
ck_c96ae2c28086a059,0.03739375604259629
ck_2f241b97c0f8389e,0.014543418710633244
ck_9158bdbb63ee8987,0.007061823695448513
ck_e7b40b60786c1530,0.006723886818760031
ck_66d38518f68e6194,0.0005333297610621675
ck_8c9b57ad2a991416,0.008703377404140063
ck_cc91bd7152d3e9ba,0.00827206178565272
ck_0d846660c7957a88,0.006795155440599825
ck_60896cdac2212bea,0.03524227038402563
ck_dc4db8b932df49de,0.07086428756474286
ck_2dc31db181150e20,0.011527407072302282
ck_2f138fce1171e277,0.013656210318408085
ck_68b8b859a6ef505b,0.024003418799573954
ck_c3fe0c6c5e1f40f6,0.005820293350372907
ck_15886fe84866de92,0.034967037068464095
ck_ea269b35406473e8,0.003957813577480487
ck_3ce7cad1f69b71d6,0.027066790186541467
ck_054ed4288ee58d6e,0.07042724903599182
ck_3d4913a86f207fee,0.017340308445634642
ck_23ff85f9d2355e8d,0.016474353130403012
ck_d87ab3261322216a,0.0010155653200767207
ck_fac046ce336fe39d,0.001622225810690892
ck_beb97e498e6cf8e8,0.033958396516922375
ck_1f517e0ebf397b51,0.005834606546540491
ck_0af57ebaa45877a1,0.0022974498943611013
ck_f99bc1732ce5e999,0.013989661901948978
ck_abb056a9deab275a,0.017214578578771386
ck_0bfc394c5faa65cb,0.0239180947813777
ck_ddc865af1dd5670e,0.006671736092765442
ck_68b5542459638b56,0.013326705588689244
ck_0b1d84252c0b46c2,0.005531828344884428
ck_520ec32c4f253604,0.025974375962050014
ck_79ffcfee599d77c7,0.022260759794038566
ck_eb224c0fd146253f,0.08718287244629644
ck_0e477084434da450,0.01723958162340678
ck_07840bba5570785b,0.01088180050950417
ck_6b67fe8e310ab865,0.009489691084646567
ck_e2a1068c2fa22525,0.01851887317434384
ck_b9c6b32f6bd92a3c,0.0019204685952206473
ck_c1e7d1021ae58f00,0.0008527049073770173
ck_5d7801201749ffde,0.02595845337144654
ck_c8806749e263f70b,0.0009018953015896664
ck_c9eeab826781dc91,0.027440897758791057
ck_309a432c160a17b3,0.014149141230949645
ck_b22e3337b8e3dbb2,0.002568534925575722
ck_79c30169c71b8033,0.9872639234965843
ck_5a6593d954085775,0.002381768045119836
ck_70b9b79ea1aacba8,0.03152160378474516
ck_63743141ffa11f45,0.013688710988163
ck_dfd3dbd0d97a642b,0.012766073514802039
ck_635646a661f05b4a,0.020136685634208108
ck_4b123d6931b6d0d7,0.14949131886439931
ck_f2b0e7a47f442557,0.7460352712625788
ck_1b1df006b81d38ba,0.014321355821749093
ck_360237c1bd30f4bd,0.0018793315989285965
ck_5e84bca0e362da20,0.03890524535805841
ck_142dba210ed2f3b5,0.03401135211229017
ck_a3564236069e3524,0.04697030470786862
ck_cf36d8b070ded782,0.01388607594828222
ck_ddd6625c5eddad70,0.0015936081770191175
ck_ad54292a0b2f44ef,0.013425439180385945
ck_45cd5ef6b359e9b4,0.006871546837299075
ck_982c2392238b7be3,0.31207945712639085
ck_083e4ac78685c3bb,0.045026137153786325
ck_729cc0b46cc2e546,0.11705946025368466
ck_f2b8995fe5402759,0.0028477168123802418
ck_73e24f5a8da289b3,0.018733590384237605
ck_bd85f30c36f5998d,0.04338142134696941
ck_ee4ff3aeadf912c1,0.0066668652037529166
ck_63d2978706e193d2,0.03243044685947125
ck_6a0684436a1e66c3,0.5749820766764233
ck_182dc4a2f5a366da,0.004381189014241597
ck_e6fecb82fc2a82de,0.011814511592305208
ck_cfb06f07394dfe64,0.0022324185274353054
ck_7bbe1dc8add17ef0,0.018296397950501173
ck_5cacad76e02c8e3d,0.46286166995590733
ck_ca68dec0c7df5a12,0.0031177444366679817
ck_e4c0fc52c82065d3,0.017098009189788113
ck_f9197b070416f443,0.004042181353946501
ck_2a07c7021b71cf65,0.024938155502976435
ck_4fa85cebf707de2c,0.0026202328271322183
ck_0063d2a9507467e5,0.007406791323514368
ck_ec986285fff05b7d,0.0030713073094210527
ck_279d43303708109b,0.009265498407640774
ck_a406bf11e48cf8c5,0.0665008149447729
ck_064b2aa3f0bfdb6e,0.009501059290113925
ck_95790440bc4bd2d0,0.010530224157379689
ck_70066eea13b4c34f,0.009286486554425636
ck_19468fe07e26f992,0.964397946588121
ck_86bfe328e0a533b9,0.5290224280928435
ck_ace3b96c977a7560,0.5414099763497128
ck_642344e5c652d8df,0.051231341785400356
ck_074be35c951ae10a,0.0100579594105177
ck_f14dce41036486a3,0.9947586291319707
ck_5cf67a3a747e684d,0.18155490891381804
ck_f7285b92648c1c81,0.001570549669448328
ck_bef3193f124fca5c,0.2548581116601363
ck_05c4dcbb45de1f8d,0.0049303549785676675
ck_d7c28eaa05bb7144,0.011819024795909353
ck_320df984791a1b99,0.004730526593651706
ck_f45bad1606fa00a7,0.0055912904088392034
ck_6f81c199e986d9fc,0.009766249950064095
ck_d0c9633fed57c344,0.02511746839155578
ck_a3c25d6cc7478068,0.015937022921553006
ck_4185506d12cf9fa0,0.001661813228424109
ck_7a02ee1bfba7353b,0.018085735072263593
ck_1b52590757c0fbeb,0.020581122952395316
ck_a0e5656e1cf9cbf5,0.0037020155153758513
ck_ace21f6daef94f6e,0.011030419865040853
ck_646d8d0834782d6a,0.2495814992680473
ck_1f136a4476b5e775,0.006772097392833239
ck_325c7643cce02da3,0.043038413910606185
ck_9b5e7fe28208f5d1,0.008228086728841727
ck_05d81b1a150f31c5,0.006589344698552268
ck_0e9ec486bff403c5,0.006471200509988906
ck_ee13c091bc379188,0.04034746272204097
ck_f7a7f8f5903617c5,0.016337934101425027
ck_96c3a3517153390e,0.030914380028098248
ck_538dad7f096458ad,0.013895624481878243
ck_8758fc6622bbb7df,0.010753117213849406
ck_f7e53af3c91fec64,0.012779546834995187
ck_80b50fad7f255e1d,0.013845251780037635
ck_9645e7adc08631b5,0.028491659814637412
ck_e007aedbf37d6ec7,0.009553403550132369
ck_2951d76c41de2569,0.03377653316306472
ck_9439bff87e616d4a,0.01766057466222812
ck_a73045e96af0e4fe,0.013360140697455258
ck_7b382e533e2e925a,0.04980314803327911
ck_730226c2d216cacc,0.007066699354580885
ck_bdf837d761a7cec2,0.34344376477809796
ck_0b34197335ba3341,0.010136140858569374
ck_49170c4b31a20f5c,0.0013227099860765256
ck_cd553ba6589d8bfd,0.018793051064521355
ck_56b992c6f136fa5e,0.0301030962906851
ck_8beae3d7328fa41a,0.07419978773685598
ck_1a065ea906ae3d6a,0.002743864344609353
ck_e9e3381d5e0e5051,0.002308420203410647
ck_a6d4f998dadc90c2,0.5622964279923982
ck_d36733da917115a6,0.018025601842106862
ck_e738e920bbd74a7d,0.01346119863811
ck_af65eb885a51048d,0.002993208656153107
ck_73f4eb09af29b1c0,0.06858185396816513
ck_8fc641b1750a2542,0.02361685055748033
ck_41b954c7a948c060,0.0031665178796313107
ck_25fc3010e8a0f6d7,0.0072017890224371104
ck_a2624e0387974e0e,0.047521240255556214
ck_5cb9d7b2329d5ab6,0.028993573817572935
ck_6c83aa1d100a7cd8,0.01396547943106831
ck_67025c64588abd1e,0.006851455447421193
ck_f5dde68f6f0468e1,0.003292186098748723
ck_46bfb2cfc29a6d2e,0.023269956773277915
ck_49dddb894d33f6db,0.14646543799356035
ck_f738b633b8862d18,0.0002898041878820147
ck_3d6c3c00d854f5a4,0.047337277744612646
ck_cdb8061d8d1a6c5f,0.005600732355705677
ck_5e1b81848718bdc3,0.04187020164545467
ck_8def763034187436,0.018860287114073244
ck_8f8e4fb9c6190272,0.004781207641868772
ck_368b968b5f33431e,0.004960538494622952
ck_ba7e347251ea399b,0.0073557564792061225
ck_9075432001a64e75,0.0071269265858449355
ck_73c5371635aca173,0.9388094207948176
ck_81793387b38047cc,0.006973885446954559
ck_0cf220816e320ac5,0.005328562082673694
ck_820219bb9c761b52,0.20161128064700207
ck_70a932ab39d86a24,0.004226019964291561
ck_2c4be237a7ed79c7,0.006344525828366689
ck_acc764b49ef02826,0.09191334802345628
ck_74c3c3452e4e7cce,0.0023585160744372144
ck_34dfb57e5bf31d2f,0.016153939214349197
ck_6ec39903f765956d,0.0868577040592843
ck_5986119e7d81e831,0.008190319370513567
ck_2ddfc948b8eac752,0.12764773950575245
ck_921ff5ceaf40a968,0.03866654067985735
ck_fb3b68b4424b5f92,0.08108709909894735
ck_c3db1b3ad4f16679,0.004184144763958116
ck_124a197be41687f5,0.03815087159277829
ck_c58d9151834f5bad,0.06843442388998898
ck_389607982eb6b701,0.613436329275297
ck_fb0c138c003e933a,0.00038855093543315247
ck_50d0bb7edd8c69c0,0.02225675431221437
ck_c6cb651149dc9a8a,0.0040337486402235705
ck_81e21354e477eceb,0.019178600662857336
ck_7696e38b3e4197b0,0.0021158122709728716
ck_586001d3ed9e7fbc,0.0011978328671723374
ck_bba413492dc46f2a,0.04854303949791176
ck_95b894380ad2702a,0.09159747886599728
ck_277621473369614f,0.9983305703246381
ck_a50621b5eeca84b4,0.0012982344502566689
ck_bfa7ba218b988cde,0.0655557023377625
ck_5ea89567dfe78e4b,0.019630580614594745
ck_6c679602a6476ab2,0.007988542870004705
ck_d3885e286b3b11d2,0.05664448322939587
ck_cdcf6671b37c9c92,0.003249110765520547
ck_b5c93e6d34f8d366,0.007745790720428767
ck_c24f61925dc158d5,0.06254380978739536
ck_cd09375e6c81d2c4,0.007732552008490885
ck_a95afc7a00303a26,0.013621828136168797
ck_8e89ca8b39f3f8ad,0.0052590040744230375
ck_9a84b396aada3fa8,0.07952007942158862
ck_5124a2e415384945,0.08639706339413937
ck_d66bb1f063357f99,0.0055088514793622066
ck_0fd9312411b0ac55,0.015889732293790326
ck_ad8cbe6e27e47ede,0.031656791710263144
ck_8398adeaf41f9cae,0.01818573715475449
ck_dcf851e7bb5855d0,0.007931406917316275
ck_9affb0f26776b642,0.002538141642276829
ck_f0424b3b36bdbef0,0.06254691647281306
ck_66746d1090d6d9e9,0.0012352188950436533
ck_e5f8c8a5824db594,0.018098789110493698
ck_3e91dcc209431984,0.13050930112533368
ck_126a82e8d42e5ce6,0.005894665518792229
ck_38e4a74ab256e2eb,0.0089358715057407
ck_1225a97fc413a419,0.07704550443121523
ck_9b5ec0f78e160e65,0.010992756124340015
ck_7c5529bcc079600b,0.06828315870544636
ck_29640fc2fe81c251,0.020104879335532178
ck_160e9ba0a3f7c1fd,0.00821896674196347
ck_bff090cb4ab76b9f,0.015917524110558457
ck_aa06ed358e43db69,0.07495839939879659
ck_7264486eb512d84a,0.003859300852485393
ck_f5a32e6160b28379,0.0072671048233993625
ck_4ba8bec14c2217e1,0.010386824206522033
ck_610815786d729d2f,0.01501916614952971
ck_e267999226b6321b,0.000419185607808467
ck_f3996a3c8eea1ea0,0.006416361647101483
ck_e9b75ed7567a3f23,0.03804972484034344
ck_d21612d48bb4f7b8,0.0281219945741105
ck_1f871df76c6a995b,0.055675234131874876
ck_953bd5de48ccd70f,0.8887647321943372
ck_02a9104419a6dbaf,0.012361149501831143
ck_1eeeee651e05d535,0.06116855515901065
ck_e2ab04136a442a98,0.012450979938420738
ck_f0d806624ef3d359,0.023697382238640763
ck_4b68b38c1b3326a3,0.0082080939180662
ck_74e60495f8861156,0.03330973870788253
ck_398f3f4cf05c721b,0.003923422550661777
ck_f761b7650a0c1a85,0.01143356986262343
ck_7dadef33f5e2d94f,0.8344987422736171
ck_6ff6883633b8c7ba,0.0021518409229451187
ck_4d2159603045109e,0.009943223737941568
ck_a38bd07a5fac5c9a,0.0045055443481989196
ck_f517f06551e69507,0.006323276649513832
ck_a7ea00a1760ad561,0.9951637157621464
ck_31fc51d5a3dfe16a,0.02663527983022881
ck_bac5233623b25ca4,0.012716440125402184
ck_385188ab27784fe3,0.035422031374781705
ck_9947a323bab5cacd,0.10204263062170169
ck_7973edc9f22ee7b6,0.03446664030154374
ck_f97c477986043755,0.002061194698592772
ck_1a3fd2cc4b4de196,0.0021109087671765743
ck_e18ac29ea62cb435,0.058573898157610334
ck_9720a472a3e0140c,0.004496547820456144
ck_668c7fc7d7e47c0e,0.08966458759182944
ck_214af0806470ef48,0.005570824447722703
ck_a46c1773f01f0be7,0.20251821821873706
ck_f2bdcfb4203ffdee,0.03238210781677429
ck_40e84e6ffe788a4c,0.027038620257911185
ck_dfc6f5712d8d6678,0.07205255593343719
ck_01ef1036b2e66a4b,0.00977951711623138
ck_3acfec10eec32f9c,0.02296907715000178
ck_084a85145c15ed77,0.009543934635795948
ck_fcdb4fe2f095fba1,0.035817123075207714
ck_023908db0a193076,0.13088886477742984
ck_fec0ff92fd622253,0.010471701476372967
ck_c009c97d5fafbced,0.058107359137490315
ck_eb9f0c06ee017ee5,0.0025159463327252465
ck_d7792b429620fc24,0.003401039145707654
ck_5e9e149a3b69c726,0.03474086538621944
ck_ce927322ef8f651c,0.01630653088148172
ck_b8fd61a8e82bce32,0.9813872091296041
ck_9aafc33fba1474cb,0.0030934051870062946
ck_ce81ff9b8b35562f,0.003056190335533518
ck_25bfca1d8eaa152d,0.005900876282457216
ck_170c65860e2a7e23,0.009172912991785338
ck_952da7ca9f33decb,0.013736787693699005
ck_1ebd574406235957,0.013148647989884873
ck_589109a188adc2c1,0.006735355901373871
ck_f0cbd5383bb07778,0.033402621165277736
ck_242521e261148fba,0.004455669250289173
ck_509cece86a558de4,0.020623333006376126
ck_0dd7c5925d28755c,0.007650093197693683
ck_a7e669cf1c3985aa,0.014050578154619952
ck_acb84dc2351eeb76,0.006307288136665189
ck_b837c7dac2a9b931,0.17117172789173682
ck_18eb1f9181f95df4,0.0029340034587602803
ck_b0b9047dddb1ec84,0.2311553791396271
ck_43aa136bdb0a2832,0.34637333968471495
ck_3e47f8c56c811700,0.022758191298318065
ck_77c587d24695ea15,0.012059781399600922
ck_20578ac693ea4e93,0.015267562163868376
ck_b9f6040eebd1605f,0.09855932402266394
ck_ca9d86f65cfdf018,0.014780107324141282
ck_a4fa8833995c716a,0.010746515906219896
ck_f589f1e29301b5fd,0.012370548277088783
ck_961ddb8ff55d868e,0.0005403085251547977
ck_5662492a54e6688b,0.03221929938458601
ck_ad48826c1c26eb78,0.453118778885064
ck_621c9ddde6bf2eca,0.03640139310974756
ck_417a3500b2c717b3,0.1447123775046209
ck_c7e129058beb3ac1,0.044779934776731596
ck_ec1c902b9b9b9c5f,0.22336791460124808
ck_317360ec0a67d27e,0.032516526704614364
ck_3e3ea5d8c4a229dc,0.007015021722737759
ck_d11d27de7bf0b973,0.6726342809042576
ck_d37d56e931105db0,0.007926093733721077
ck_4863077723cd6ce1,0.000992894355458774
ck_479a065d5903e9c3,0.004236767734471412
ck_e66ae4fd586fedea,0.006833932635522007
ck_192bbfd0d5720134,0.019364911702441166
ck_3b436cb29af99f3d,0.019776875189738002
ck_7c7ca54969eed187,0.040844641907255286
ck_826ee896c9f1144d,0.12527661683397082
ck_ba1f6dd43fc8a0b1,0.010390535396727884
ck_49685deb63e4e8f8,0.01238400086497628
ck_687ab5d5554bfa79,0.012642519495257609
ck_41346ccd9242cc8f,0.0013812374818434265
ck_8f8e5e2b9dfec3d1,0.07098074573694937
ck_94d5ce61a0c50465,0.020535521786808113
ck_6b954c75aad8c012,0.02601472633336751
ck_748af92828c9d288,0.0038776288310181793
ck_dddd14091ce812c2,0.01904807634452277
ck_723323f6870fab59,0.01992504617689495
ck_dbdf8d0708cc6718,0.003503682668913587
ck_f04938570a154de3,0.002270496206122969
ck_58afa1550b3b5294,0.007837937601235277
ck_3b150afde386ecff,0.046434790691600746
ck_666b95e75d99ec4e,0.8448885730651524
ck_e00332597cf1eb24,0.04550850028615849
ck_9a9e3dac79280d7f,0.06836550313063444
ck_e8d37262e859d9a1,0.012969410814836897
ck_895bb39d24bc1c4c,0.0020205332786789763
ck_b367449195e36499,0.01852997168300795
ck_d23f9a50d1135ce1,0.09932042837304254
ck_670dc4910cf476c2,0.0015629585287889264
ck_3ecd8a5ce65e21ca,0.011874071886627221
ck_8584fea2df4c6317,0.03641362265243317
ck_0789ff4562202b20,0.011015987801925793
ck_749e0e50c3907be8,0.0019295154529936369
ck_c3ff6790cc6d7e34,0.007846132715693215
ck_75fb7e56432ee4b2,0.018200013302399964
ck_529fc3170fd11abd,0.031933298844624806
ck_34a69b3b4a681796,0.07546851938650655
ck_255f0e5888ae9e23,0.08336399139611278
ck_65be698386474170,0.0017205519971296387
ck_5eec9ed855c26000,0.001205104415426793
ck_5ab39bdc9610f6f3,0.7556484731998339
ck_1b5b75762f033462,0.03674610124706372
ck_d3e208671cf37f91,0.7403630321943129
ck_5068ee554ceff971,0.051221567716394203
ck_d7d50fb57fcb2d0e,0.002989970098065459
ck_ba6e1115fceaa067,0.012988942693181581
ck_d07bfb16a4a7dac0,0.9324406291076595
ck_ead68310311690c8,0.31934101175930973
ck_ee53ce862bc9c111,0.014489101327459137
ck_97e56e6037024dff,0.0012068472825676507
ck_80b04344c98ec072,0.013371319177472897
ck_5954f45a2ab45f43,0.02089527921565066
ck_18ddf7e836256e3b,0.010174225375973466
ck_89a1a780144d808b,0.021998769973893332
ck_a7331e8b808c39aa,0.15597241621408692
ck_a1fd0ad03ff9b776,0.052122810552205884
ck_c0cf50eef030b401,0.0077008357371075396
ck_074f20921189e7d6,0.012157942684369361
ck_e2aa7be60794593d,0.15468775912864896
ck_72771757dfb7f7a8,0.018915329674035263
ck_a9cd84a6dddfe584,0.012126506509410388
ck_142c00f9f8557504,0.01514943902796135
ck_221b5d40358230f4,0.005843234625188619
ck_a2d7a563f520b7ea,0.0028145281583905725
ck_66cd34bc568d95e0,0.02306409230236893
ck_a17128972d3e507d,0.010718360372990201
ck_bda299466bb2136e,0.015536808070411965
ck_2b699066665abe8a,0.07139683486301367
ck_0ac9848bd4ba0c14,0.00106152834233579
ck_98d2f9a6ba3a3077,0.41183505946153937
ck_a872df31b28a5f7f,0.1309877762720136
ck_7e73e1d44ce82ed9,0.006491691754518759
ck_1a415416f620d49d,0.004178233467310353
ck_c95c786d2f8b8edc,0.01499757760036858
ck_e45012f22b7f91d5,0.0025440529396095076
ck_aa0b083e2a6813eb,0.016444277121295606
ck_4666232ddbf77756,0.009091177052585522
ck_e08e9c8ec5f23d8b,0.09132220435004107
ck_31d4c0518e5f52c6,0.0050069344781046975
ck_c1ab40638f04cb02,0.0038723201190986184
ck_4c1fdd1669c7cf51,0.002342449287980525
ck_11662cc7940ffc82,0.04291134425532862
ck_2e679af24adedac8,0.010100118675967485
ck_454b9e21b7f25a4c,0.002210129327165302
ck_355c4f29089731e8,0.7809293407045688
ck_507e40760a24d2d5,0.027589786334717387
ck_0943e0f305078e34,0.9918727262310916
ck_abc54ed7111e9ed1,0.002830816267999684
ck_a60fe02fc04407a9,0.03497537900639988
ck_244b897bb4d57c1f,0.00851835763412363
ck_8c84fcde93a04334,0.19646317579345615
ck_9eea37d2de633b27,0.006591354087728701
ck_b2cb9e6610eca967,0.01459378252610403
ck_09aadb4c41b166f1,0.1881630039693002
ck_8d94fbb4828ef326,0.003048867972861997
ck_089e3a07abbe3b8f,0.0024024376796251386
ck_dfee9de05e3971cf,0.007423525356395872
ck_6abf8302ce052451,0.08425610761368323
ck_6ffa90143838a4a2,0.002535281725627123
ck_325caeab5c7a9c3a,0.002780886593374381
ck_1964ee9db929a173,0.47628461514865716
ck_942b95988a6245a6,0.13156255672441747
ck_913ecdeeb8e21a9c,0.00497010843484716
ck_ecf9794349eb4b3b,0.022948601330378047
ck_b6cb8d6ae828eed1,0.031186888189375966
ck_2f82ea66c4f53b33,0.08770920692074172
ck_6e676daa4855b58f,0.02485335570734124
ck_2a37fef48b44e9c8,0.01280636630368031
ck_3bd12d468fdc2450,0.0056638728149502136
ck_1a28b6a40a6bd3b4,0.05191151542670312
ck_61b79dec96d15713,0.008348030786995453
ck_31d5e3daced93d3c,0.009806122933425403
ck_e6c8611c0cf233d7,0.006358654106248002
ck_f04761b4a937ac3b,0.027445264866801624
ck_38c1c75cf055031b,0.016046897048988488
ck_59a561f3df01441a,0.016733610092678562
ck_04e40f556a5062ef,0.0111144185497693
ck_8409716d174635b6,0.0022616650733305174
ck_3019afee83342701,0.014799131680119561
ck_b51a58e7f032c9a8,0.013016528225088992
ck_5043e474f848346d,0.010629020852625353
ck_4388abce33ecd01b,0.2039624626907111
ck_c93def7392f0aff5,0.044310892161182926
ck_72e7b1acc19df820,0.007675086871475696
ck_f253130dc3ca5b3c,0.0032054242200798316
ck_eb264d1b180d4b4c,0.031508662570631826
ck_c2504f5a113433ee,0.002422149590873671
ck_c16ab1e4dafb4910,0.11229860814531095
ck_4bc42878fa180991,0.09520296551459721
ck_1c771a7c78f6622c,0.03142582137046279
ck_d523f0e50a2747ad,0.005889601211236342
ck_9060f4e7ab7a1b0c,0.01744753886619436
ck_6b55ec4e87a5e22c,0.07931560363573911
ck_55fc62a5f89a7251,0.01372983696053994
ck_bd2545c62f258231,0.045144705866153684
ck_1ccdc69d0bb712b4,0.010962901297935706
ck_710f867a3bd5898c,0.0037008699072047205
ck_f91d48c40337d375,0.004905797240154839
ck_f76d929541ed41dd,0.014764962841305636
ck_e26a6659c237b650,0.0547853829444665
ck_184983177b73dea5,0.05263530758462067
ck_6d0d081bfa8a0022,0.039438979969574725
ck_2f6e64f638da0f97,0.0078933263487974
ck_15b93103ccd38609,0.03386795544395673
ck_094d10439b7b4eac,0.0059334643479570124
ck_d2ca47180a926ba2,0.01145086894090188
ck_a69ca7b9d70972bb,0.004096932210813
ck_68914e67343a7d32,0.008769000699487781
ck_8176616132458c0f,0.0031933908916165566
ck_eee99af3598311b8,0.0226890019873326
ck_94410eedfca91304,0.024413396601277036
ck_cfb11a0a2325bff5,0.0031636921752849303
ck_75217ee144b715f8,0.0673477603300382
ck_d56fc799542299b8,0.001136408375068967
ck_4c352dd3e7c81269,0.03470554211884691
ck_e23e50e02cb3904d,0.05775044724845226
ck_b921af37d500e139,0.010038700191024152
ck_82181b935360dcbc,0.9855443836245165
ck_22a7cf3b99c5e5fd,0.013763770299158012
ck_f67ee7910d532216,0.05360104207347504
ck_5f48762a14a0326f,0.006973590468651866
ck_1757fcb0e6e3f88e,0.09759447211453585
ck_2c2f080ba185016e,0.05776458462450502
ck_4c25570eb72711b8,0.004401988212315216
ck_a3be871ca22ac416,0.018923064672341523
ck_ab70961e7c6695b2,0.01514203607244979
ck_a1cdebfc42a52448,0.004564606289668802
ck_f1b80b821a20186d,0.11370096824098914
ck_ae668e4564cd2aa1,0.004313088311166572
ck_0e2bc3a5afa439d8,0.027396764756823785
ck_3dc378f37d0b74b8,0.02992171620072963
ck_9f9555197480d1cd,0.022014730626348445
ck_bf4e7d48770a4a8b,0.09181115888237902
ck_614ef655f0685060,0.005165380674646226
ck_04d2ea38ee27770f,0.0019837324104416193
ck_e03a9d8ac94161d5,0.0021133457004469066
ck_d4007b5b26d9d854,0.0015372319837896877
ck_2dd147ce6d61749f,0.01423696133326217
ck_ff45764ea7d6619f,0.05994382736416756
ck_dbc487cb0a6c18da,0.9787365889259683
ck_791d5392bbd80447,0.004690658814907554
ck_b4068439c413b150,0.03461063039355592
ck_85df7b7de9700aba,0.005624100713488392
ck_001e42551cd06e40,0.0010114032316973136
ck_a6c02ae50932cd9d,0.021416584977417177
ck_9fd0be2c018ff5e4,0.015675206211316066
ck_32a495128395fde5,0.014121909899513443
ck_b6f2a2fd232c141b,0.018101203747998403
ck_28dde633692904b0,0.0601405991510201
ck_a1a93c5f375f6021,0.00562172944940044
ck_e3982142336782df,0.016999238430227236
ck_a9812ff3c111ea94,0.015411742873656077
ck_f04062216f95fa00,0.04093498167052623
ck_7c560467daca735f,0.0020088533206674124
ck_76ee10d6e2dba70f,0.0792618303677468
ck_3521243bdac61178,0.0014523978513536408
ck_28588fb03b320520,0.040602862736758456
ck_580dcec33ec232b8,0.010691494896638313
ck_7109923fd7dab20a,0.053788864284164344
ck_7c872c99481c1e9e,0.014980122194183392
ck_46f4e1f5026f4d1b,0.0013007150817790306
ck_00d1ebc31ec4653c,0.019840761763206823
ck_aac70764dde15168,0.010548096840807635
ck_648c03f9aa4e45f1,0.023841486461680453
ck_5478eb69ef912785,0.17047193888003254
ck_79b8523137bb2603,0.04801033744975459
ck_795c49f312640019,0.00033189204117731397
ck_89184bf7b7fe41cd,0.24989304831318354
ck_97d4bd922996fa10,0.010462263428011044
ck_1cef30d08f3a598d,0.002049728482986289
ck_2f9fd36a4a40a6a8,0.0005885732571573786
ck_40780fc0f8d6f309,0.008840741397300468
ck_9083ca9fec2a7f4c,0.01699958952949991
ck_62081bc35aa59931,0.005003329633411702
ck_2e1b46c5fc56b863,0.17022261813179718
ck_3d139692c51b604a,0.05604146591092591
ck_b5e54e22e3d6960a,0.004785231501910983
ck_c0c4be3f44311b04,0.005426100536244042
ck_82a8bdd2692c2a5e,0.004227781479978901
ck_bdd2da300b530c5a,0.017003614745861848
ck_ee40498cd97183d3,0.004527593082374147
ck_70b9274473bd6dfe,0.003425401418054475
ck_473d6314ea614b29,0.006843891658210247
ck_7443d6dca8cd1352,0.002078039462428541
ck_3b49768b448b071e,0.04397969445886721
ck_b43f04431c267dea,0.002894153696036859
ck_4424a5223ba2fe00,0.006139550245445796
ck_819bf3e8231f4081,0.010973597527812483
ck_91d417507a8c58cb,0.07606307719806633
ck_e88e86b19cada4aa,0.024799165149746574
ck_59684167f9c6bf4c,0.023134661570903
ck_d5f5b0dc97b9dc27,0.016821566561342743
ck_13d1b192bbff8f32,0.022200451593594083
ck_b21d8630387cabce,0.002006690592409971
ck_e4ac22046699b99f,0.00961761817762099
ck_74b848064f2ff45d,0.006504051362024031
ck_166aa980cc87fa77,0.0674542579585084
ck_98e337806104dd88,0.0007321417343094579
ck_66eb09be007f0755,0.014010384382019375
ck_3ec9b9d8dd7be11c,0.027640011255912356
ck_8b8b9de339d75d0b,0.016368940469934527
ck_6715139e240007d9,0.007176668035395547
ck_a0255ab46e122d2f,0.0015294080958284486
ck_66e81a4190c33510,0.029187788202512808
ck_5d75ea4f5c9080bc,0.5470952271086155
ck_df69858b8a8b3165,0.0030954049070747998
ck_e15252ebd7553422,0.007887210277622458
ck_34d6d74bb3ed11e5,0.0013600287107441422
ck_c2608f78f6851d10,0.09539759410504522
ck_bb99071e8f58c8a4,0.12127592047562126
ck_06010f0df5b7cef8,0.137495302598223
ck_8c582eb0f6c0148c,0.0038704374742673485
ck_0034d010d28aea78,0.036422372973046624
ck_01c1f06692566ca1,0.018841925719916917
ck_4807726e797fb893,0.024198545447604507
ck_edc9668282e3c8cb,0.012669500990071518
ck_5486768475af7bb5,0.9289262302769309
ck_3fb9813849e51837,0.0022271540881313267
ck_861af5a9a9a6d619,0.006727823745027127
ck_da39653add0f1109,0.0004101988158760032
ck_74a4244eb1f162e4,0.00048182395515602446
ck_9a930faade55b8ea,0.004251244032265604
ck_fb6e06ca88519dcd,0.005803456473960632
ck_9776cd8263a9f415,0.015820870839789856
ck_b3dd1198ac5aea73,0.026077438240100014
ck_b6675a04df1a4276,0.0026959145034941736
ck_5c7ad6e731b69333,0.4256859461144963
ck_28dc0fdbaec00580,0.10810597502356585
ck_8e7a32f7e3905f4e,0.043693025649140044
ck_8563fed6674afc77,0.008274519572338202
ck_9a2fcccb82da663e,0.01891740299802595
ck_6a519bdac0d94527,0.0032039026210097035
ck_a0dab7aa9c4a39a9,0.004971608247684001
ck_a3ce05e9e5e32142,0.013389518693029803
ck_7a7e40ee3f97c035,0.04863511467148803
ck_9e9a830785112a73,0.038611451159738894
ck_ab1bb02f6b189304,0.06018203724879794
ck_7b8cb0f90fbdc8c6,0.008156329794444379
ck_b138fc249e659e60,0.03268235288549585
ck_e73caa3771ec5e0f,0.0017510717616949978
ck_18a55b06ccccd88b,0.03296004652310953
ck_fdcb1d9265d8fec1,0.050060454381685736
ck_e21a900556b382ad,0.022831597780203387
ck_c6bf67470f526771,0.025999800642242145
ck_b568ba3837afb39a,0.0008418333999175735
ck_a2858979dd5645ef,0.0022302727258529664
ck_1da9d40837ebaa57,0.019809424395340718
ck_9341c7959543c542,0.002651967622844524
ck_c8ad86806b9a2369,0.04568105952619625
ck_5c85d93ecfed4b0e,0.0074264407716800734
ck_f07b09879d697b82,0.0038895729213596505
ck_fe43da07608b1749,0.019429305916378443
ck_4bca22b5926b9c28,0.004206824305935484
ck_aba573aa942b1d41,0.009289242821468358
ck_57c14e32fa4683bf,0.006531838570405987
ck_891530b489ce402b,0.0030363782599429246
ck_5e74fdadb93ff293,0.04676910036809958
ck_14436a409ebcc90f,0.0204762001561453
ck_00013fdfa0bd37dd,0.016679300158262748
ck_7dbe24ba01316775,0.03718379061155881
ck_0e3f80c1553c591b,0.024724176663036584
ck_3edc45db58760d76,0.001547054870782941
ck_29076a13f539187a,0.32112733281433675
ck_b1e81b58b9a545ce,0.05968336589532934
ck_3f8571d4f7420b2a,0.06182410663581148
ck_7dff6abe4bd644dd,0.836053119038581
ck_2884bab237af16b7,0.018868799308943075
ck_231e6dd1fe708000,0.004476184547186012
ck_33ecaa7b892e73df,0.006168355255767396
ck_b109ec4c63503030,0.00931702343665183
ck_a7f522382509cef1,0.001640560139168987
ck_748b3ea941d8b3b9,0.04081768480131446
ck_29f3a1737a2d9634,0.02361757807973446
ck_cee8d42475a0f020,0.002496587176242328
ck_c6b6ebe145a8ffab,0.002705857992566503
ck_21c99e1d6b881894,0.0025656697762070683
ck_5ad798286384484e,0.09185158125420374
ck_b621b6ffcc7f4848,0.0034925311145691793
ck_ea819e337233475c,0.136771613470099
ck_9e3896c2668ce06b,0.05101668579600458
ck_501dcf1ead036d2b,0.0077871797784187105
ck_8d5eda29a2cffa3c,0.00602514140705634
ck_4d3aa36ff83f1132,0.3617800656047884
ck_8e9faf94e3e6c757,0.0005541553930152347
ck_ce0ec41f96951048,0.024221820060864614
ck_f09165d73ee903b1,0.043211084983341586
ck_a432b1bf1d3b3d5e,0.3296064362676656
ck_ea618f720ff0b4b0,0.006121591777755949
ck_7584e7bd755cb28a,0.04790197440428121
ck_e14681aad43e1a72,0.02987752391851377
ck_5e18870d8e30e379,0.017108084874306543
ck_ff7c26a62bda8089,0.0012521514994710203
ck_cc5a35175d381d5a,0.01675493803663426
ck_3c25029e40aa8a84,0.004388057770521449
ck_771247b5bc16c12a,0.0056680834231701135
ck_664b5e02759f985a,0.005714152105487867
ck_692a9e8f504b9762,0.0010205418637274921
ck_df8ad2deb0a4ffed,0.013212349086492362
ck_eb48c0bcd12ea654,0.047455880679249086
ck_7c77e597c951cdad,0.009109544225596176
ck_4f75144c6f3b13ad,0.032519054071585396
ck_1bcff399166d7c43,0.009175880222242127
ck_975c2aa3d4a8c51a,0.021561090267708003
ck_bc6f07b06aaa4ce3,0.16475670114928176
ck_80b072b7f3c7e8e5,0.008372396921697436
ck_471e4018a23b4e56,0.002693570220898361
ck_53cddfba570b4a3b,0.0158830363546885
ck_630530e50764f229,0.012930815195577566
ck_dcef7887a4f1e435,0.06473179342122921
ck_2795921a055643f6,0.002737422327061202
ck_7456df89f3792235,0.005290134773191538
ck_5014a3b07e1f049f,0.20540062197368966
ck_d4ec44760cbe03f4,0.018219214364198304
ck_96810ad39d4cb7b0,0.04930338118947892
ck_3222ea25aa29bfa6,0.0027357249099958917
ck_f6c42001b84a10cb,0.021020932564093705
ck_5ac86682385c86b8,0.00924495637485475
ck_4280c33af57eb4f4,0.0029606221119826003
ck_05f79ddd8eefaa56,0.02209900240587794
ck_3a57a13ce032a6fe,0.001692517154116762
ck_a721f0d635fad68a,0.015039685551964983
ck_a3f821bdf408c326,0.006506769392457448
ck_0ada63008be5685a,0.05882266137777723
ck_8c949bdc6e8720fa,0.07057449521008505
ck_c0d2c56f9c722e99,0.7441750879285634
ck_5d2b9e6e087b8dfc,0.9972902564501464
ck_5217b55593a332ca,0.10915505058350952
ck_7a7bb9be5a7e48ad,0.009091708754128954
ck_24cd0d779e866287,0.00156353625115897
ck_7367917891a63771,0.04182091998112429
ck_4b31a8862a857e6e,0.559181309943787
ck_81429c4910ca46cd,0.0029419780131196287
ck_b35d803568f82d9a,0.029351448786400915
ck_4b00e75c2d2d0522,0.0011996254727988384
ck_77fced07f6dff42b,0.008912479323643738
ck_3c9a06eb07c300e4,0.0032900635207074296
ck_b3867f7f494db64c,0.0005547649150470609
ck_0c45e54897ab34e2,0.06375551882040911
ck_507a6a580ab55c76,0.006007087397873766
ck_291bffc7809f896a,0.0025129646457460846
ck_3753cc5b9d02e2fd,0.002800133879190789
ck_4f63d5245b3ac1dd,0.014135226229098723
ck_9dfb2ae78659240a,0.011793179014350305
ck_90f6f5ced708aa75,0.0008543427574552822
ck_8b5b5a6b5539e39b,0.8112966507810341
ck_4719112b55d20161,0.01805880315058507
ck_fec888a7108ca52d,0.9957660326985139
ck_4f5d022c99f118b7,0.011483663153584293
ck_e967ff05514b697b,0.03109197320307089
ck_839ce35819bfa4fc,0.0022419119567845367
ck_bdee1221b9addff8,0.008706419985461698
ck_9cde4036d0914427,0.006076882987988931
ck_5ac959cbcc5e98f3,0.007709822249133821
ck_619842688294dabc,0.017106747401264985
ck_7373d7b04c7799bd,0.033265090484943804
ck_c1dd3feb9a0b6471,0.012156167913843444
ck_0324a4812ec319c6,0.006826146463517354
ck_7f3685aa2933b251,0.09826039347917814
ck_06aee5a62a67a84c,0.12779450854597593
ck_3428910b44b9d08f,0.007179590195944649
ck_c3ba7534cefc1de8,0.003418827456153697
ck_1f1273a67cbad5e5,0.7428054058225717
ck_124565a11b2f8bb8,0.008745167972488263
ck_38e46bc861e0165b,0.018291083672154138
ck_c8ad3f01319c065e,0.03666934148358424
ck_3f94a34f5038f7c1,0.49667483332587975
ck_cee56be5a502fbd1,0.08550327352349209
ck_2b90b76cf4d162f9,0.005537264775598762
ck_884b2e463ff1d54f,0.007112343556492978
ck_fab4f2f8531b4827,0.016254683992701996
ck_4fc6256e0e60a926,0.017882264909219476
ck_0a2f8b2f8a5b6f02,0.006905920577191197
ck_9c0deab8a8367c5e,0.0018861948653235683
ck_d3a2a4c011fa2554,0.001117203016803782
ck_4108b4038f762817,0.024552528181773756
ck_4df036e2aa7e1056,0.015786266627612056
ck_ec094eb1cbb3efc5,0.0030368730896761023
ck_09f8f51bfd2492c6,0.005598556862627694
ck_b60fb9a10d6f4489,0.0553812964605526
ck_3638bc3388dbc1bc,0.16006308176925793
ck_7a58e0cc9943c39a,0.0013166472314523842
ck_37dab6a0a536ed49,0.03545144918660605
ck_adc576690df5b33b,0.05274367055406955
ck_1383b2b1875000f2,0.008544446676387004
ck_43c1248db37a2eb0,0.005189677555501228
ck_29c11bd68858e923,0.0014205215204411432
ck_9401f9e11f65337d,0.007078559705672111
ck_ce5ed372b1a2ed6b,0.025264564527457994
ck_08b4619490e751a8,0.6288983390831729
ck_44b9125526acb05d,0.01367541770638744
ck_ef1a1de20d2124cb,0.048608273878345876
ck_e5e2624b7fc89774,0.046063645687830515
ck_f5100511609b92c0,0.0010128489269068208
ck_64f3bb17101b7c42,0.014769814079940656
ck_ea1e5b5128ecba2c,0.0019598528416445316
ck_516163fcf04d5e77,0.03760360810646326
ck_7f9a748110d70005,0.004419405742735734
ck_d263b55f0a681cce,0.03999785757731196
ck_0e962eacf98a813e,0.004869592209806581
ck_0406931800e0e2e6,0.0017791976676055257
ck_0e9b982afc88a3a9,0.9886517558513187
ck_8bbb625384edebd7,0.0010107645119829883
ck_5eaeb87bf6207406,0.7960299380731625
ck_cc3318839c4b0745,0.010571046466708485
ck_08a0355d1f1890ef,0.008177363351381021
ck_af7ffd1a822460d3,0.08209082481076398
ck_2a09c7aa870edb6b,0.008224853016595991
ck_bc04f51c23290bcc,0.010123435586622044
ck_d3a8333cb389f4c6,0.005414663111500798
ck_88e3dd3039508332,0.034008939354519964
ck_b8c7771de9b57705,0.0038667918284352376
ck_585ababa02383b50,0.015043121985873669
ck_e988c108754cee9c,0.012099256095402328
ck_4a691892d9d6cf89,0.005386163716662057
ck_7cdce37d895eefb8,0.010377604267412108
ck_483fb981a1fb4317,0.00401652012667516
ck_c1e5182bd99e0e35,0.272179866069827
ck_9a1e3ec9a1839939,0.008066454078338068
ck_5c3f13de0dbd5086,0.04360862347809155
ck_f4f6f0caaab70040,0.012117354495211511
ck_791be3378dd7d64c,0.019031673409636695
ck_956dd784525f5886,0.023974060056483438
ck_098167eaf124c279,0.05304188808418315
ck_33ecff7914349ebc,0.00663730962404702
ck_e05d44e46c7174e6,0.008934941076848257
ck_1b2ce474fa6582b4,0.012005105351014012
ck_ab581082e8f72e3d,0.002128360620875384
ck_e63256667aa19070,0.07455326646902007
ck_f568772b6cb3febe,0.03251925072386493
ck_dd89a282375bbab6,0.070035434600228
ck_a39d0bca345b492d,0.0036880416431833746
ck_d12d2924d0f7a64a,0.009646798012269723
ck_6a548da1728b5823,0.9843807068735261
ck_6d64193681d2a94f,0.032496497768418064
ck_ced6b6dcdc7c201a,0.010748220603711056
ck_d1b0699d26282871,0.07320325933519631
ck_58f757e40a9b8877,0.05891689921567771
ck_3272c2c4a37d5220,0.11939000579485763
ck_d94dfde9e03c9d1a,0.015841085393933706
ck_08a6d4903a7fbaca,0.04446151865973255
ck_6c72a36b05fa0f4c,0.030180844063018117
ck_dbb4bd4eda97255d,0.015791157996830528
ck_94b59bbc824b307a,0.001121864731365535
ck_0229a07185f15469,0.02152933421241473
ck_11bf1039f8b3025b,0.003952464290349975
ck_36789ca11459131e,0.05726736289668747
ck_8572c5f5c1447c62,0.03625095910203949
ck_9e75c6641939f4fc,0.042283898417335666
ck_b45e47c39d4dc7bf,0.019100511155515455
ck_02903c48b6cfd65d,0.0013365470751561797
ck_b153386f1729de81,0.004806722012272744
ck_36979996f33498f7,0.2537217655968732
ck_3c02d4dbbf6716b6,0.03322932722393669
ck_66c9a19963957531,0.13968382038608373
ck_bae8dae7cfd8baba,0.007239256818614185
ck_bba0ccc6cd968680,0.02821108555027642
ck_3267fe3aac05c71e,0.010571934137796155
ck_40052cac10562cde,0.01355369599411112
ck_d973444855403e2a,0.01279618310318282
ck_012519bb095ad36b,0.9882842134830493
ck_ad7c256ea10c4a00,0.10533046382482283
ck_70a60e095e9b706f,0.003985174631399354
ck_f2734417c0db4ee3,0.002087433220443156
ck_9cb89cc3178e0172,0.004108646795240093
ck_779cc0f2de4d5488,0.11925089585362884
ck_35f8656bf93e3b3d,0.035332677966204026
ck_bdd8eba728800e29,0.10787191029692601
ck_002cf760d173f0f8,0.07211956879110187
ck_b046067c6ca3831e,0.0020330670217988986
ck_a4a42d4bff8af645,0.006379728205270795
ck_bce253d2396681a1,0.006882724220803527
ck_00dafc060c8de32a,0.05525973642542897
ck_968a99e097ee78c9,0.08813917549769204
ck_66949171b387bb93,0.010796489579547248
ck_ad305286702b1958,0.0010219510542479515
ck_4732da7e0d2dfc7c,0.0032961680607050173
ck_17a95bba77217d85,0.033574425844842874
ck_3e2516a3e35067e0,0.00573041399625352
ck_0b615ed566da1f58,0.02568537156532839
ck_d2b3ce1ebabe9f93,0.011923096300008042
ck_a892252e4e0c2828,0.005001790893818134
ck_cf606fd6ebfdf9bc,0.001620094326469419
ck_718865237134ebe8,0.0019120998050357956
ck_878522cb775b904c,0.02651502997803198
ck_9ed53de6ef779ae0,0.006720172877584412
ck_3f16e2cd7e6874cc,0.019592161933849602
ck_3c59df37895ead2d,0.0034528911972174017
ck_6821459b626d492c,0.0010804140094804492
ck_11c7667920541587,0.00584132448828615
ck_23a016cf6b98d89c,0.03433008216272162
ck_7137eeb394d200f1,0.03089995165448541
ck_9c4886c5c90ddbdc,0.009856929649232064
ck_1422a7bf7756294d,0.38365720808664056
ck_7ebc5fa7f0d3b8f2,0.017343161203217387
ck_fcc2059a8d5c41fa,0.06156089113433925
ck_00ff7389d6a83e29,0.025607479041640575
ck_03129b41457795d2,0.020022344823527344
ck_38ba64efa7c38250,0.025824466822453877
ck_57a6b56b09bff24e,0.013149830016820156
ck_e3b3c5a80a567418,0.008715584350511679
ck_fc40a16adfced018,0.006929698149908058
ck_9d4b5e6b43bad4d8,0.005634936774167546
ck_61129937ee466b49,0.031406034611942996
ck_74112e47b8629c2a,0.11046602553484762
ck_b4703ee97f94d7fb,0.0012127903367114565
ck_e560f720a988d8a2,0.39494257723152393
ck_708fea345f68037e,0.001542580886589546
ck_25394c1b83e0b803,0.025748623711718856
ck_17ab24fe914ae44b,0.0015604934912193708
ck_16c501470d9bb006,0.0027396858992022664
ck_628f449e248c19b7,0.019404997072910882
ck_6d64190623dea714,0.008987944451164687
ck_504a45ee08db72b6,0.007878636469954667
ck_6cbb011e0c70bc7c,0.0036846067585882703
ck_b3225a98acd04f83,0.016282093291986988
ck_aa37993f1c17cd1e,0.03965517921693815
ck_558cfe5f77a55a9d,0.006838145766154076
ck_0d0a1a021efea5b6,0.015697617432019556
ck_daf7aea023b7a8f6,0.013455752943155729
ck_d75f25184ece2b51,0.0021623969955481544
ck_466d4b5366c50b98,0.014560795833190754
ck_88f27ab479063852,0.07013587519889439
ck_66779098e78c1760,0.0037518563609788714
ck_b150fe4efb449b05,0.003077484307948537
ck_9c3aa9f23d01fa1c,0.0023771792533716753
ck_6a01c375fc26705a,0.0032332241278991355
ck_002eb6552b504ea1,0.016386119474018915
ck_affa5aa0bff9bb0c,0.001095187410933747
ck_027614eeba8b1a4b,0.020291953367622118
ck_67e075c982add719,0.014335741567418098
ck_399b0d510be98bd2,0.016806959733900017
ck_e9b0bca7368555ef,0.0026590686254421144
ck_59c29d9c57b4f994,0.02070808936340894
ck_37176850ed68831e,0.007993950119908111
ck_a0db4ccca08030c3,0.7429147277487801
ck_aa188e5c25f7f42a,0.021429921493182822
ck_7de6997178207800,0.004070164575013368
ck_c729d19053387be9,0.13880213624299187
ck_f2d3e3d90608596d,0.1372527334059677
ck_2db3fb565e0211ee,0.0012704789638030127
ck_bed8a480e27e911e,0.05014888695872922
ck_d7ad9921a4d25926,0.044151317324891436
ck_2a59f23fc5194699,0.050840345511353684
ck_63601a58a6120d8a,0.02043158917457872
ck_efd7b9e22c6317d6,0.02489636698268816
ck_9ab42875a0f95b43,0.03945902068832383
ck_85cb5033fca7c846,0.03430252340703638
ck_5249b223000915ec,0.060750659432042615
ck_3efb0e9bf25612c7,0.005015209871502339
ck_678e74532ac19700,0.011904127652784837
ck_a980b296c95153f9,0.013467996053810938
ck_01ac687ce0d696a7,0.006120335810542177
ck_52e1418cf1aa9871,0.029794277937154792
ck_7d28da4f1dab09ee,0.06774179396907999
ck_010d0c2e6c1657fd,0.028822118359372723
ck_b524f7a2e752b9d0,0.007362225857767044
ck_cc447fcc24a0772b,0.20461295364733584
ck_2cb3c99845e572da,0.0035528206834042407
ck_604c710141327a81,0.0058846145410653625
ck_8d5fa65717d2e0c6,0.05813114263666081
ck_31199510b40602a1,0.023410155862035778
ck_49e253ea12f4e922,0.012842732221988468
ck_780738e0d71e7e43,0.012921678813717911
ck_2cd21137a07fdd7d,0.006433223401172345
ck_5e021f2a3b66e256,0.026210570916128918
ck_efbc79246e32c66a,0.02432379322264416
ck_9951bd806c13c7fd,0.006599528409819628
ck_7a52674e2806d8f5,0.02477639839529231
ck_1a319e509f1efa1a,0.003907423992616425
ck_c920901b9a4ba993,0.814425841507151
ck_b71279e807d0b3a7,0.011598692707576573
ck_47e1032f490bb018,0.019107626056941097
ck_192579ecdca7ff83,0.020849076694160633
ck_b1496c474c4a3239,0.004576673256866296
ck_5e68ea2c5e893cf0,0.11972364850495368
ck_f2ecab85d4693b4e,0.0026850252257240204
ck_89d7bfc81c3df597,0.007358944488921439
ck_7929284327667791,0.04928181918874748
ck_494ec63c5ce8e150,0.019768310145676392
ck_319b059bb2145586,0.019389612474647117
ck_ccb3767c239018c1,0.02677612483552281
ck_a1c7adfe26e09a8c,0.02870070196788793
ck_0e13c4f73818149b,0.051110571884581936
ck_c285a51ed6214f52,0.053739848586936236
ck_916784595f028226,0.03771487733895523
ck_6cd8e0196365c474,0.00516604136701498
ck_57b657aba4daffde,0.03892990533678956
ck_562c76a3753fc7da,0.5856178544752791
ck_66cfc1ebc9a513c8,0.002815957559361471
ck_0f38d4aed68d7d24,0.02985120321580111
ck_d8ddf5e99f7859e4,0.01521414143856295
ck_41bc3efa0fca700e,0.07023626419211991
ck_40799e129fcf42c5,0.04742869291927271
ck_786f079389126e44,0.0353821571745992
ck_bb4c6b713eb0b978,0.03619832848489113
ck_4f01f7eac0efaba5,0.007358279694340929
ck_47d29c01b20cf69f,0.03778001184502934
ck_bf15a1f8d67a30d3,0.015615326965557686
ck_bfecad7586f65e4d,0.03955339440362698
ck_fc9f16df35190eb4,0.14349960599332967
ck_c09c914e416edd08,0.012778673612208724
ck_c54c5d8e4433b0f2,0.008739562733704742
ck_1694c28f44480e98,0.01502978314820762
ck_1dcaa3078dbb7571,0.0014509127404099828
ck_af559f990c640e41,0.010122633272345645
ck_9b436162039a77d0,0.017902002418359
ck_79d62ef181bd0cd8,0.004387293220225731
ck_23caafc2cd34242c,0.032032009652109825
ck_ffe2aa26f597e552,0.01704887270706966
ck_e6ffd0754ac08661,0.0037130983074847124
ck_beaacb4a783db21f,0.006472191105065409
ck_9863bff41d24ce9b,0.006309862868421626
ck_323b9cc5c49f8ea0,0.0710146823848131
ck_ab3de3d3e41c2082,0.012767202714680103
ck_35c93b2924900376,0.004506040267685808
ck_5a9d5f9901e37e31,0.010204495694627757
ck_782b0be796164335,0.006747152722353026
ck_11960b5f1c7a5e2c,0.007887901723879442
ck_9a66cb13a9884cc2,0.028445606454185503
ck_ba666a425930615a,0.0003950514695583175
ck_40140bef4db73741,0.03807613071346632
ck_e05e91cc180063d4,0.043040517370580025
ck_c7f6f45710bc050f,0.010251664988472436
ck_055fb9f2e1c8c934,0.007761381074926153
ck_58bb02d98e2b9cd5,0.035712099951936055
ck_d9f8efa6a7800f76,0.004197005207939273
ck_69691226c68fd50b,0.24270057646486823
ck_6f2f0396e5b1c538,0.9755195881204434
ck_78bc3f1d0f35ea6c,0.012723800134863147
ck_2d5a6b6636a2596b,0.006109758679228276
ck_7878545739af0a73,0.0011107329288872882
ck_03c4fa4f3ed3512e,0.0016434875608971758
ck_1a9e51d092d62c84,0.25116604232447765
ck_9f3861940d8d873c,0.09919143588128906
ck_4684fdd61c6a0fac,0.022495546371733597
ck_715966f86d5c913d,0.004010181584319374
ck_77f293d44b4a3d2e,0.02532155830901734
ck_24dae044dc05f849,0.03145848254562719
ck_00b9818e2064405e,0.08541035170075689
ck_c1c2cb49c3c1b0f5,0.15303248919672524
ck_bed50fc64fbbf8ec,0.004892627822803069
ck_4f6ed5ea5ab7c429,0.007943610919479307
ck_458531c22ec2f9b3,0.022275807908571508
ck_51c50c4c443df31a,0.3744981210433778
ck_732d45bd578dc39d,0.005065238727348473
ck_783fe5bc20cd02db,0.060635074657931505
ck_7f188aaa63d1d442,0.013764116616184617
ck_ef307a6aee38d1fe,0.9408061675222161
ck_e37196b20968b73c,0.03691396093838388
ck_4ef9de711c3d93b1,0.031597118998752706
ck_17946516d5df71d7,0.0031428778394210874
ck_3534be0f4efd313c,0.010731765083227606
ck_29fbabf855cabdff,0.0015797032643397526
ck_191673540d8486af,0.05113639765135168
ck_5f52728d777ff2c5,0.01427495161277224
ck_a045a19369016818,0.9983280443805428
ck_4eadbe7298b15e96,0.016249708287890595
ck_a3a0bd59729fe619,0.0013613872952264966
ck_a1e77090b1c6ccf4,0.005408150513540544
ck_69ab9d4784eb77bd,0.01157571886975578
ck_baa47383ffd50f04,0.007213522622278705
ck_e35b2ed08b9e55a7,0.0054772117732852415
ck_b6e3af0a5119d9a0,0.0561051149482112
ck_a7c1dabf3869772f,0.056487453530849406
ck_80b8fca67a14e0be,0.5140004027215662
ck_dd9c5f0c42878e67,0.0012651034341711078
ck_41ef7967faf5ce82,0.001246455471799953
ck_a93560aa348d6225,0.038930874744351765
ck_ffe91d6f0bd93fc6,0.06870357349741248
ck_fbf630c960194033,0.01651599513897968
ck_497ed60723283c0b,0.01652439449623928
ck_2a46b7ca55239413,0.009667000767422421
ck_1a4e5ace078dd782,0.028625175134096105
ck_616cc31910f5de50,0.003184718775087829
ck_0d65bc749eb42710,0.057928257717031556
ck_2408db62e4395ccd,0.02222906682402365
ck_5d7721930106dce8,0.014548548608573929
ck_e8a6acea22b20312,0.0890668171262266
ck_e2f792fae128b18e,0.0680316722400193
ck_e6d3ce445b86003f,0.00553350955369342
ck_263334d722ecbc97,0.2735713578252565
ck_8c5b29f6666d4874,0.02639459233704461
ck_7ea0bf310fc20c7b,0.6047924882675927
ck_54d463f7fd89ec3d,0.013493047203542287
ck_79e45040dbdd6447,0.01632693314259708
ck_60b4d59953505682,0.7004789476493495
ck_fb00dd5021642507,0.015521994924850971
ck_f409ff994a210601,0.02313274136696404
ck_2ca0020038bfec58,0.17752956592365707
ck_adf84b9df54c3d80,0.011868453857376499
ck_942dbf632591b65d,0.036905539931062104
ck_454a7e4d859a3409,0.0002830387563456798
ck_2139062d4569aa07,0.006263642541900231
ck_e949a0f4df0b3902,0.07633702131674296
ck_bb113e3e6716ed65,0.019203311769769707
ck_6a28ea6ce69cb869,0.06961311533131515
ck_7df9910af2bba21b,0.001147912898024259
ck_78aa4b731cbfe251,0.004237554505394293
ck_5839f5cbd8165b1e,0.05281239920349773
ck_7158ad9e58769ffa,0.05496742473364487
ck_acee218cbe61df69,0.021541618300012656
ck_f8dc8473c2772729,0.0397205907827305
ck_f34c93a8173555b1,0.026217579830911122
ck_7cf301d075e4e709,0.029503442787716636
ck_b87e88ee5512ea17,0.0029825109725419782
ck_bed0c020b10afa3b,0.010009275941178496
ck_ca10102961f99eb4,0.004795405082513213
ck_393287947b5c8d79,0.04278699480701817
ck_2fe6cac002142f67,0.03832656251471543
ck_79c7f0d29b1db1cd,0.04074911837589614
ck_c735b643d3cbf67b,0.00438515597609552
ck_ea4332c8fe48e2a3,0.009640135609031784
ck_d39864119cdd460f,0.014799057103792534
ck_3b963d6be2773861,0.0008857145030621423
ck_df39e3b8a9fd0bfd,0.7558624288633382
ck_6236a461dc0d11a3,0.004780047289463948
ck_475ebccca25e30d1,0.009627605852368716
ck_c10c8bcf5bcd516e,0.06524801596843094
ck_49ccc3716a564256,0.0037802596544091334
ck_4e4f99102f6938cf,0.004642708912061665
ck_a97b481ade6f7972,0.22368177561345137
ck_3fa559c679751b3a,0.02661216803322403
ck_3eba1fd2c7acc4c0,0.2325126754776457
ck_18c179b4afc4fccc,0.016089289903711803
ck_cc1c0b93d05b7d20,0.053021008539826234
ck_742f7c28ddd019e8,0.027881549647228866
ck_04470bc93b8a0d71,0.018969706149813
ck_6e8f8ef7a03cc6bf,0.019037084236172303
ck_eb1ddfc353b4da83,0.003836759443447397
ck_98831b57c7ca2e4f,0.0021965931987408516
ck_a6c7b8d6e8596d4f,0.03863965541530955
ck_cd7d24e3b095e96e,0.08982156706441077
ck_3f5ae4673a9f858e,0.0036775818319764782
ck_05f375fc8ae0afb0,0.008970626925617129
ck_1fc98436281ee39e,0.0014427226718315004
ck_6c48c58678f64bae,0.0031633386188978404
ck_8c95aeec6a4c75b0,0.009960928041329285
ck_364cde38958b7af3,0.3666680550721285
ck_85bf21aa1a00452f,0.006548457711587658
ck_796d3eaabc667c23,0.9987368436502957
ck_ac449ee0c315edde,0.004571298610650568
ck_6f9fd15ac6b163de,0.0012296120303356029
ck_4087065be2a45ad7,0.34178063887475074
ck_ecf006bbc78ee3eb,0.06892019336014318
ck_8ca808cc5a49cb5c,0.007826083865379325
ck_94b90ab8b2dfb50f,0.027339512244945238
ck_59fd11b3232de9dc,0.93989103522245
ck_67f3794d93e2dd67,0.19995617855197179
ck_b7f5acf5df1bb13e,0.004419790958534569
ck_fb04ecbaebb774bd,0.005178603847616167
ck_68ef3e7301c621b7,0.024365930763177255
ck_41406cfa209b6bda,0.006205904088652246
ck_b0f8f5408662337b,0.0029092317816805506
ck_0d2901bfe585c391,0.06127104154643726
ck_3398551e81dbf3db,0.10111136290884958
ck_61c3e3e277629646,0.010887239964980882
ck_2825e34dd3e7ea2a,0.009624552280095055
ck_20d7571ba830009d,0.013116692022941856
ck_c98b16f9a72a6568,0.00032490466664853086
ck_e7c8a9e4641eb9ed,0.0008171554288501862
ck_254a7c97c36dab8d,0.08379602848049503
ck_e98429675b46272b,0.0028271345995809
ck_c2fc0ac460786d02,0.187317033881644
ck_fba15647b3a140d9,0.010500774768209032
ck_15ce50f2704227be,0.025259475642944125
ck_8c748aaa4a4554f9,0.020080605078669277
ck_e00e82a9419ff086,0.062046250368770754
ck_832341c98254bd84,0.036003212728927356
ck_27466468d06db4eb,0.05064693830892334
ck_9d7b9e3ff1f3e71e,0.037498772437760335
ck_42c6973d3a6fe983,0.002561197070939486
ck_877c85bad118bc62,0.062194266913514984
ck_75d2a2715259c4d7,0.02805078279590917
ck_37d3e5c681a2214d,0.2737190354663307
ck_bf285dd49f372de4,0.08223463614496321
ck_a5bdd026fa9c50fd,0.004772265633268995
ck_88d9244a9cf7a77e,0.6544696551122988
ck_5881b174e49b04ee,0.0072302376328495285
ck_5b16d67c5ea89930,0.02489373090285808
ck_b75b936aafac56b9,0.013057397315847518
ck_aed2681e1646a0df,0.02416169054653313
ck_f63cb5e8cc702bad,0.012589194712428382
ck_1805fcfc4a9e4ffa,0.9767911825295292
ck_25c355da356c730d,0.015042133237091504
ck_70396398e4a96449,0.0064184217862044615
ck_0f743bd13373748e,0.027280136239486125
ck_4b387765f0e916cd,0.0019132505772206081
ck_e971faae8a10a260,0.001336799778394896
ck_9eb08369e983abfa,0.0009840739191632425
ck_c30c5844512e429f,0.03092683957222599
ck_59e77e3a81f1fa0d,0.03212269348823487
ck_ca4465f2b5c1a52e,0.982047903875218
ck_c89b9ca398402f1e,0.007331693963729169
ck_36e72ef9273e7a95,0.01118304929279018
ck_2bdd8616870e5e1c,0.0005860412055509824
ck_216e87a41de22b5d,0.052975769171142224
ck_60f4fb44f5efe3a0,0.003286409778355607
ck_05652e8ace6ce6cb,0.003371863088078091
ck_8c136dc691e65695,0.0004119205272899868
ck_a08f8dfadbdca112,0.0059808633640172195
ck_bda4041a3e90d860,0.021028181912749896
ck_15dd3ecaa8ce0245,0.4509142547299497
ck_3e3c64b3b7876ce6,0.04933298540284576
ck_46225858a38b2e57,0.0024832770927216805
ck_0cb9f54928f4feee,0.017114101597025543
ck_152671fbf8a9a78e,0.03167585619842272
ck_ee7a515e87d17d4e,0.01093638298554072
ck_f7276091bf513d22,0.004450699897223921
ck_4f05daf1cf0d5755,0.007469146961494225
ck_83a69c4a5d55ef19,0.25092573848638283
ck_c50fed2a7c9198c0,0.009794745780942795
ck_70d19d5650ddc8f5,0.006696294767598696
ck_4b4d99e443618904,0.01916223034495061
ck_dca0b6ca93311ca2,0.037041458464337575
ck_b7431d4706461ec6,0.00232819578337434
ck_7b59d22cadef3b05,0.1914437697368764
ck_53428573abcd606f,0.02515348170166894
ck_f538ab6aecf2adfd,0.0015778327519221657
ck_d321249fb065d2fa,0.05385279937039244
ck_72fdfc7e6d8e1436,0.002713321891716932
ck_b52b99dad89ecdfb,0.02312691827422357
ck_d2d4282f9d256b3e,0.006464879736102937
ck_c8f2a1dd8a6141a4,0.0012177841250455425
ck_8d38747058d0aeea,0.3664891959682837
ck_3ac528caac74f563,0.007858235132899684
ck_8dbaaa00ad829ca9,0.03701571469311502
ck_7c38ec898f0fc21d,0.008301649186302636
ck_8171ef803f5ff604,0.007879613745638584
ck_01a750db6fc1168a,0.08831318233042515
ck_ceb017baa26e98c8,0.049911809669447436
ck_e2c66c72cc0b0f78,0.10421860198307402
ck_8d9518f64b222416,0.007116159870217852
ck_804c5a1fa5753617,0.010155271487806004
ck_fca7cc9c42695453,0.003977951061722585
ck_3a632cdf2c19051b,0.0277196444010535
ck_b2b63ea65edf1dde,0.04029701856634892
ck_27b07021500ee841,0.019457500927472806
ck_9724718fe64c6557,0.9784311145788318
ck_2786cbc3e75ec034,0.18367755995742435
ck_d9c2622cb6df380b,0.004160086390761086
ck_ae1da8ee98e402a4,0.009663338947633597
ck_62967b91504149f9,0.007189996530024969
ck_6b255bf68709109a,0.0026950874952811443
ck_c55afc68421d85e2,0.012582628533281485
ck_7c7266f6ef2a8466,0.00830913504482657
ck_885cf685a9541190,0.20305697857879357
ck_1a4bb7d3d2ee3227,0.0330238446909841
ck_b4911c42f3bff740,0.00135163830708198
ck_66f9f78d4c6a3edb,0.034731824999796164
ck_49bdba9ee1899dfe,0.032314329994208774
ck_79b235d51718435d,0.010673241047800264
ck_d840db8cfe2ef6f1,0.0022839788073715866
ck_610c7bcc1cd7ecb0,0.011473131100444308
ck_cf49b6544aff6c50,0.35944679022533177
ck_de05f97c3d40dd1b,0.036853658167111523
ck_0302f67d75973dce,0.01930147334204691
ck_54c2604c9ca6256b,0.01838616603300022
ck_a1c88c0568f142d0,0.12895075977684717
ck_5d72ff6cc2963d1a,0.001821355282384482
ck_0446920a1004c596,0.004124652564187993
ck_71044c29ef071570,0.035843135420110445
ck_2122e9bb1afffef7,0.02724950783300963
ck_d1e3de178601d3c2,0.024318977725523754
ck_bec8324a3587ef04,0.00414212723505903
ck_b616b6f45225f319,0.08562683246210619
ck_ce1e695884511479,0.026486227591334927
ck_a662b4bf900781e4,0.00018588052435246046
ck_b5a84c5547378c10,0.001860197891733639
ck_f80af368cfc6cb7e,0.01734936501674201
ck_da3526ab6c5c884a,0.010466888725603436
ck_bd20be9a3392d79b,0.005686655318316917
ck_b8266dcd90cbfa62,0.00284556914329609
ck_ac84b33304362c06,0.028507059261343882
ck_794d8935a895e33f,0.01499514186660962
ck_8fea7d915259f1be,0.010709550046934153
ck_7a1519ad5ff45312,0.0013039492087740423
ck_9bf3ce30b65f75c7,0.02329437317120542
ck_5f864d72d1eead99,0.03342766944721615
ck_3c48e0cfc2a58041,0.35879365367320726
ck_d902183f80cc81fa,0.01974129386180935
ck_539cb0d117db8cd3,0.15102963624355892
ck_28f530aec8e77130,0.03603747857022102
ck_e7d903c50d353361,0.015572963743303442
ck_d288b77d1e227970,0.06881197569178918
ck_017208fcc01b5d40,0.01310370284328949
ck_7e3923d278a5106e,0.007167268342449524
ck_9700a00ff9e66216,0.07862227294080792
ck_5c36c78b7a4d138c,0.02301942569407017
ck_c457e9c9224b773d,0.015389748605969939
ck_1dfa91405d7e66bc,0.010806994993120465
ck_f1d8a2695a575e56,0.007960690796349227
ck_3b92a46daf8d00d2,0.02957530293076857
ck_aab23b5470469649,0.04290774519933379
ck_ecdd01a391610d99,0.005823708216676072
ck_abd3aa292f8edb4d,0.05849082123230493
ck_7fc9a0776e1339e3,0.0024069162542764413
ck_c0389ebeb0e65cb8,0.0012304742673344238
ck_48d0fc4f6a2109fa,0.861092240235818
ck_571dee4f3336c7ce,0.07932663732096071
ck_4cedf26628c84f26,0.02405327520326674
ck_63356762d24aab81,0.01679255937986019
ck_2c5bc11bb7ae5d2c,0.9605739264783405
ck_6d26a152f900fee8,0.004115299411418193
ck_c972b0e781efed3b,0.003441083814072006
ck_fa0ecbcf9a33d6ce,0.0025247727985811966
ck_fa3a766e49dc77ae,0.00881880831228099
ck_7baf1e55db0dc558,0.03100570097774929
ck_e8bc49e6494c1f37,0.002466769658447566
ck_8ef1d05cc1e53e7e,0.02572455359298495
ck_cef2a485a77e0723,0.003056005050704865
ck_228a583f23abff48,0.017679324145597964
ck_ac32c6e374782b27,0.0431911101874704
ck_b9485218cef413f0,0.0019118346573975939
ck_7f15503048915d6f,0.00478575806136845
ck_b62f5144db15ad34,0.07580949617940828
ck_917d82c552f95a23,0.011423315051838662
ck_fb4797045077bc6d,0.005343613515505747
ck_2cf8a44e041217de,0.02569671972127109
ck_b7dd681eb3d2ee38,0.0024886424054793117
ck_e9e8cacd2fa35e79,0.012512150227371194
ck_342a79f91de5d1fa,0.039342513890571404
ck_2c91f62c05685ed7,0.00789356611463102
ck_e30cb64302939f38,0.044021478393638534
ck_d0e95b90ba86da10,0.00858522073704173
ck_1774faf414a5d49d,0.9258051549890666
ck_2401e8ff89e574fd,0.7781618374913423
ck_0cd8802264e0a1ef,0.012135267279790233
ck_da84a0dfe947fd3c,0.003207979936495375
ck_c8affb27ba7fb5db,0.07835196035840214
ck_bc7ece8787ca7200,0.011091788680478951
ck_469a0578d05990c2,0.006968941450554632
ck_eef67f8dea702338,0.039386163190541314
ck_4f490e379e9ded9a,0.021156959452260718
ck_354379de065a8ff8,0.0022757498936660536
ck_5db1cb368bc41ac3,0.016338331858038714
ck_9b1c3742dd6fcb8b,0.035723540054685275
ck_63ce4f44c92d7143,0.04680796422451878
ck_e15e3390f5ed45f3,0.01949805752492804
ck_da645ea91d66aa6f,0.26000462079100883
ck_834ca727df855f07,0.05968742344249806
ck_e1d5ad20c737c745,0.039660455483745215
ck_ff8059ae5fa5f1ee,0.0023781706056432627
ck_8bb9e75393954a1f,0.002647318283786638
ck_4e1757d1347ab387,0.9873678332711358
ck_af3f74b1d75a5d95,0.024073057305308544
ck_6b1ab0742ff04c3e,0.02731774283887408
ck_f56073911c9f1ab7,0.005043245201232073
ck_51bd5f69b4fe0b92,0.6435235395189912
ck_fc3d95030b81f416,0.0010729842171348773
ck_cf78169633a1600f,0.009192199584823958
ck_ad7269eaa65c67f9,0.013891880102166515
ck_cc6d33890d47a6cf,0.2454764165583591
ck_bc8f31f4a2ffa1ae,0.002754167769781231
ck_720776a46e56dfa8,0.02337877785619782
ck_e2d1f212f259539b,0.012647198924521057
ck_eaf6f7082c3db2bf,0.04532067635485255
ck_773efe58c6278c3c,0.012905185513411906
ck_c4a72c09f2fdacc4,0.00483886896851056
ck_8982888dd6611143,0.0036615559397774147
ck_9d5049e195eda029,0.02279443293483726
ck_de58ef6f9fe2b546,0.01286742085345641
ck_c0b50c11e4f5adf7,0.02179468076106243
ck_ddaf228487858bb8,0.0380762594125733
ck_eb2323215ff70362,0.022978128059505193
ck_168c96a1a636ea15,0.02716036947215027
ck_9c46711b14d9eebc,0.006021594286964112
ck_de8af660806b97b5,0.002485759992557051
ck_6ab83f45bf16eaa6,0.004690287627353686
ck_bf2228a052815840,0.021355848934087363
ck_3f943f20a9da9bff,0.024180507435099693
ck_3baae40454c00938,0.0037943600764967795
ck_bc2e771a1d8d2dee,0.03951788929128117
ck_e55f5ca37f30ce8c,0.025670288718562008
ck_4ad5937bef176d89,0.0043712798198602115
ck_126531a9126c17c4,0.0012362160387945828
ck_7ec423cb56257516,0.10080232000484166
ck_54748ae0f2daaf10,0.03121891237738664
ck_ff24776280ceeeed,0.013319214252475271
ck_3c3a1a1365741bba,0.007860178670014489
ck_615277c8a4e2b18b,0.006469113453891042
ck_a96aaef34173aee6,0.08429332603569956
ck_bea56db7f3e930e8,0.005027711906476117
ck_ca491debd3b32a59,0.013509555539695094
ck_d9ea77f4114a389c,0.002758073533165652
ck_322ffda3332d08a2,0.07511823851829484
ck_c40ffefe4e30b001,0.06681992143298422
ck_3b1d7648d4580bef,0.012205068806740119
ck_23981a3261674131,0.009867207498784397
ck_11667f5b9fac7bc7,0.0007884417475317372
ck_646bb3c7be5f0817,0.008709364539726448
ck_ebd0a45712dcf07a,0.01717165766041679
ck_baf43bf1bd963f9f,0.05671465229667715
ck_e0ca2c819658f6b6,0.985937719098187
ck_f0d6633d0834fff5,0.054911051000456935
ck_91081be0254878a5,0.005354812635425779
ck_1325000bc7f35b5e,0.0036250127072756442
ck_c624b9063400fa3a,0.042792191789717444
ck_0ad6fa0e23c3bd0a,0.11797773565658368
ck_6ddb55b1f23c6cb1,0.01447366085988795
ck_dce1fb3acd65562f,0.0008080485625547697
ck_a9aa389688ee5aea,0.01623222537665628
ck_5c5284c45d9ad8bf,0.048889332987100395
ck_9ce743dd3e92549c,0.038482346714422265
ck_8342e08cc2f9bcb7,0.004462676998672722
ck_25e551a0a8d2fcc2,0.024279719067470795
ck_d4fd0e438c97e0c7,0.04412960966418502
ck_ac7fe1c344190c50,0.023064881624097373
ck_ddd65711b5651f89,0.00463669426709201
ck_ec7406cb5cbc8f10,0.0009447157562642788
ck_1c65e8d5be3b9c60,0.3604169034608496
ck_38ee42f15a573e81,0.05818699554901384
ck_0e5385c70c6de025,0.00991427643708944
ck_d3137f0f7629040b,0.005753688448261836
ck_9129c92c12e0c8b4,0.0018515360965844767
ck_c86520a00e50a926,0.10924676240053607
ck_87f82b2b5fee757a,0.01896235958621347
ck_643abfbd7548d0c9,0.05613192997783521
ck_be51f4e5e6b85768,0.05149503373820448
ck_132c16312f37810f,0.10556162830993482
ck_c78c096ca8cb33ac,0.000768679417348313
ck_2ce5afbc014763b8,0.023904461847275783
ck_50ed8f4e7ae6710f,0.009901388193258486
ck_5a4eb535c9a11993,0.010794438403778745
ck_9b665ef46d785324,0.006208361655195488
ck_e066f71f8b296b7a,0.00624857488498228
ck_560bc6017870ab06,0.004232518383352565
ck_fd78f8a8663646d7,0.01764559897806564
ck_4af5ec61ddbde1a4,0.011322310732140675
ck_c2ed04a9d218410b,0.007501818186105934
ck_2455d43bbdd2bb69,0.012754694040955123
ck_56eed7041add49a1,0.34459568992047296
ck_5f0be7b468a72333,0.0032213328534196613
ck_19660cec756632ca,0.002633174276891854
ck_fb90408f4892a21f,0.00797002224520386
ck_833a65b86a5d9bda,0.0030100607881704145
ck_2ac36e1dff211d38,0.02250156091726217
ck_c00e70606904539a,0.0051739091662582415
ck_ba8affe4b9505a95,0.36285670632748435
ck_0c3dd22587b08018,0.006514100045400866
ck_618c4e5cfae99dcd,0.0219488398248197
ck_c9690baddfc4177e,0.0016004245481790102
ck_59fae092fb0c4aa3,0.09061963392450689
ck_e03b7d0fa0b28f4b,0.01687845997284364
ck_d451d24c780b5884,0.02263636227248942
ck_e980d325b8dbb8dd,0.002511406937770475
ck_cff18e2d8c520272,0.003170863758067827
ck_a0e46b67e986ab56,0.011943104540538508
ck_3a469039a5b9d963,0.003447033397488254
ck_12cbb211ebd2b437,0.06831491377382222
ck_b8cdd6d6dccc4554,0.0006682157024317988
ck_794ba5921cef50c9,0.019066878582785437
ck_2c7667f64edec2b5,0.006719862863427942
ck_7262b4e0c29c942d,0.015136603632251758
ck_5d818522cbfe2a54,0.03081086236418377
ck_de39c1947fb675ee,0.02234328636857626
ck_c021495606b4735e,0.004460549341450738
ck_1fc03ba33edd9e67,0.032832672079728085
ck_a6fe344bbf67f14b,0.007702874444194781
ck_963762210edc5694,0.02645365409427048
ck_d064428b7e7dc409,0.00886604284313845
ck_59be61b53d971611,0.006158343926947719
ck_ec8738ec663cd2eb,0.010689164226522706
ck_59d086fab5998646,0.008523831620300149
ck_bd32dd3b2cbb7888,0.9982754249374679
ck_ce0166addb93bbad,0.0004808659492355523
ck_7c0fdfbb447cdc04,0.019636095103087572
ck_cb1bd7635968ed8c,0.5290399810695734
ck_66f94903177f20eb,0.006551679149478497
ck_1d7cd5dcbcdafd7b,0.4878683796599547
ck_5e418a7c04437b4a,0.050943904968135306
ck_631ea1ae91ab333e,0.022437628528291054
ck_0a8029e79a5ae7ce,0.03227640047647059
ck_c4cca8278bdad9b9,0.0014121246049688416
ck_4dec3df58077a257,0.06562993102717744
ck_609c249edd88c565,0.005823991590284038
ck_02e5f9cbbbf2f078,0.007695309061762585
ck_32e486859130458f,0.5398610934546261
ck_21ed2ea6386c5a07,0.001133445615231888
ck_1242aa4496576a99,0.0023123655776522683
ck_475ea9aa6d3898b7,0.11227789785665303
ck_fe1b1adae3be70a6,0.4945350785248598
ck_c5414d7a8031d4f5,0.005036790373149252
ck_ca1f6f01868e978f,0.02904253953270522
ck_5eff0208c74ec714,0.03678319389654574
ck_a315c9619a317609,0.022963590314737627
ck_2b87683c90acb852,0.06644478138763124
ck_7cd9f39c50748ed0,0.009969552278000473
ck_16a06d58d71935bc,0.12206721342851723
ck_d116e0e7c19b878e,0.42843164678796475
ck_931510e384b1d0cb,0.00236676964857979
ck_e7651fb87bb24132,0.009878287247702098
ck_88ef9f85948e1a01,0.0016778578513850677
ck_17bf38d51115a8f3,0.003623391427904965
ck_2659d1d3762a2825,0.017324370265484137
ck_a7285955e2852686,0.03698513160655011
ck_f2c33d5b65b321db,0.04484230919274269
ck_83e5979334345622,0.006003002653350773
ck_629537d8b4d0f395,0.0029013531825432468
ck_72022008a92c9386,0.015474620815284572
ck_2973b8274f0bf69b,0.012514948263681635
ck_565e3418d2f4061c,0.04787754470621505
ck_54bb53b8f8ea32ae,0.9905677537321388
ck_af0a6540ea7a36b2,0.010899206737110277
ck_888651bfc2c8cf70,0.005861209410963078
ck_1dedcb48ac381a1c,0.2552003581361348
ck_f73273e220296be8,0.03540601026937736
ck_8424bf65223a5a9e,0.006393000748571303
ck_337b930fd149a696,0.0037016224900324065
ck_8a4952de8a123ef8,0.004543187169882981
ck_884168153c9c0c81,0.0026722420618510378
ck_fdda581aec411010,0.001295981820062025
ck_2b7cadbc8b180d32,0.8383099305079756
ck_8aa8b9968233a1ab,0.0018283720796039475
ck_0af18b3ce015d294,0.0025330782616450062
ck_8dde670a735d1e90,0.1875002697532558
ck_62f46226f244139f,0.014821254714127425
ck_f948e8a8fdd79b4e,0.025470242698408564
ck_fa00aa0f3e859904,0.034759132730467046
ck_fc7935f784a4f249,0.014693723713451892
ck_e7501307c0698e5b,0.017232228033368456
ck_549ed417f2834cee,0.038899625485326085
ck_fb2a35571ec719d4,0.16373965544751062
ck_25822068c86c856f,0.0024190952840411665
ck_8f35d229b62c8f23,0.011989578610594595
ck_bdcf049c1e7d0c95,0.00568451609094523
ck_0aa9db36eb16422a,0.002929241356369329
ck_42dcf92e9e016922,0.05114463437263751
ck_42341cf31c08c981,0.0028819902919326678
ck_0b20bfc515ba42a2,0.012754477820839721
ck_0ec820b670d48098,0.000961948870491357
ck_1f0bafec397da8e4,0.009268021720197693
ck_82f07504ab59ed33,0.1119487842511891
ck_337b24a474010abb,0.9925490984249058
ck_703703bda38fdcf8,0.02499951427067986
ck_01e7960c63dca3a4,0.9301634521686107
ck_be5bd81e3715cb8f,0.5345885843152648
ck_197f8058cea1fbea,0.0010906399120722422
ck_eb3fb1106f2f1b21,0.09736950149772067
ck_658b4b54be09a4bc,0.9980903485481024
ck_266ce7ccf41ccc50,0.01376073142267633
ck_110608c3b03d4038,0.613126788309175
ck_1be8cb95d6d9bbf8,0.002021778624003908
ck_8e16a64a776afa82,0.23655663410253888
ck_34bd190d37eda534,0.058611150353555845
ck_4f521611ae14ae66,0.0025632342731263316
ck_d839798f9520363e,0.24087289820960836
ck_d1bbfd246c0ac9d5,0.014413867482280084
ck_f19030e6e85a6776,0.03705889630721009
ck_cdabe60ab59f9d5a,0.0024999530763002587
ck_bb84b2b30293f566,0.09029751219783011
ck_427b91925952cb40,0.029518619820488916
ck_1078b1e155b5b640,0.030792950298252148
ck_95fdc264eac72fa0,0.0034067884104376843
ck_e35eb857c61548b2,0.7410087895365102
ck_69bd0b1abea7e1f0,0.10264133501513607
ck_59de511b20c842ba,0.02275950515488728
ck_168e7ea341a36b80,0.005850992927286989
ck_4937cfa6526ea138,0.01232319590917393
ck_bb1a981306b750ac,0.1094466710427716
ck_f42a43e4c3f34ccd,0.005155609654186616
ck_c7ae1d4b3ab38185,0.002460305124792803
ck_bd23cf9bba1dd33f,0.010910571538802774
ck_0fd826fad7ec7cd6,0.020658525728025366
ck_f143641bf3dd0414,0.0465804753068417
ck_ad6d48c20a3688a7,0.001674771919919452
ck_7bda5b5b927b2905,0.1641191018737539
ck_a337eb38eefdcc88,0.065534629706926
ck_403da2a2d800df9f,0.9219374731209764
ck_aa01d5aafde73d0a,0.002726543581972235
ck_494954023f0eb309,0.05604187945923912
ck_1c6820fc38135ad9,0.03512550425727532
ck_0e0bab173622db9b,0.0845113388785873
ck_547090bf35a3b243,0.02286553851133229
ck_d69455220b21dc9b,0.005818062636328438
ck_90b4ac695b9c6bf7,0.01947891163226361
ck_8d2afe17c0082e6a,0.010422606585931372
ck_926b81c0ba528eee,0.0036879532329374184
ck_ce36b0c287bd198e,0.039191841516040556
ck_8026e017909aaa6c,0.03385362809639418
ck_dfba788f35d4c372,0.0047964093383065995
ck_f09f9d0e0886e0c6,0.014290978984516815
ck_4ffe0366df388604,0.005691447440993619
ck_75bb521de55644c7,0.009460418693999809
ck_81a960fddf79ecf1,0.8096331261956882
ck_8f43459991ea511f,0.020685377202027053
ck_f878b68d66fbfd4b,0.0017682304622130764
ck_e84abfc0c747c9dd,0.9548075397557432
ck_3ad3fd3cceb56b66,0.9847972461814565
ck_7cf562578c7f158a,0.0013959424749940877
ck_f81a97d350397306,0.015138618796150895
ck_255d87b7fb40caa5,0.025773038031822276
ck_b3905153b9eee924,0.016728103249871427
ck_2c80a592fb4cd6a3,0.0017857251010145318
ck_57deb202d4188a29,0.004660238635868331
ck_e3cb5f31d8e94448,0.8997244381548668
ck_0db62d5f7f75f80f,0.01362368342839783
ck_ced9163ea85589ea,0.0588805260570087
ck_e16528edc694fb33,0.8816544412341347
ck_78cc5ec4940fec3b,0.0034687260139302707
ck_31742076e9a998f8,0.021135976063358628
ck_5ac335f02280271e,0.01319169123238683
ck_7cc2e091806cfa5b,0.028795667747527467
ck_3152c7115257f084,0.014788147704024363
ck_ab1b9d019921bca7,0.008746617105485055
ck_c33a762d98f9b290,0.00508212215819113
ck_b16a7c51b6f7a6b1,0.07450416826119481
ck_97402a153348e68f,0.019844454060739494
ck_95391029a21caa24,0.06847157401409541
ck_c2015a1200971fe9,0.022410234430076583
ck_ed4427962c68918c,0.963708613041495
ck_c5e4a17d3efb19a4,0.7745947575382638
ck_8aec3d3dd51517c2,0.009270249895233057
ck_f5178a658225d8e4,0.002724613511040937
ck_8594f165e95316d2,0.0023185091110376464
ck_f0c4aac04076a6dc,0.014171212067529993
ck_ac2f7397801036ef,0.04429029236297852
ck_d1ea4bcc407c7d5e,0.008976778365425753
ck_cce8b6657a538fe0,0.020912095109455308
ck_66d0c6d6b67a8d58,0.0012979967277023888
ck_1a6b30320835e57e,0.004396636100405634
ck_8cd274cc85aa35d1,0.03847450306948862
ck_ada46085a78280e4,0.010587580048192751
ck_ce1b06623e4a815e,0.004014576508480953
ck_45e70c8a9686580c,0.017037583831538177
ck_0084d8ab6b1044f3,0.0015081198485859422
ck_a5f7b6fed6df2aba,0.035149759050303105
ck_94940d783e7988e6,0.006613197178357234
ck_00f9ca84d1d8ae7a,0.0009090917610349501
ck_0deb56f3f6452818,0.008704606806695743
ck_a58e900469dfc3f0,0.018793297883571567
ck_028c41b195280980,0.00814250338606698
ck_7661d7ceaeb19f97,0.01930778034510956
ck_6957905a65c47879,0.08280790962537676
ck_f7c6c26ef3c4ae06,0.025568420788101336
ck_8777beb11aabd66d,0.006322449971519364
ck_7db098a17374bbf8,0.9726475784091706
ck_66aeb00e44486cda,0.10796088662521733
ck_838c52cc1d315ec3,0.01780425613540698
ck_1745847cd4e5dc83,0.009997523062545338
ck_201687857ec8b3cc,0.03478457369573271
ck_81818169208a8cda,0.039150935385990925
ck_3303fd3f64632c7c,0.06888056017863942
ck_edf1096809e83ef8,0.0009220629021120368
ck_235ce9603c7dccbf,0.0751198943299007
ck_9df7e153868bca13,0.0051431381530766965
ck_3cfeade2cf270fee,0.009807280465191763
ck_982b0bf2e2b6c4f7,0.005702414442607741
ck_faeb0da678bb86c0,0.0015640186032519405
ck_e86ad2fe815b6ed9,0.010522062343625248
ck_70d69e5d1bb99e85,0.014934142500893265
ck_7e9a8924eab779e6,0.9638532013125946
ck_019d5891103e7da3,0.013113833450657345
ck_14f0484b3817eda5,0.00953097959909529
ck_85de63d278f0fbae,0.002323531537407205
ck_ae91b4cff57fb3bf,0.027383203098318556
ck_2a6d43b9f883b78e,0.48160990058736225
ck_7a4e3d553e8ab5b7,0.25599878685043187
ck_fdf89dc69f700f84,0.3640467619615364
ck_f92e04024bf13558,0.0008687635356620041
ck_4a522ca2dc4831a0,0.00047642181762701507
ck_68ba25dc3385fea1,0.041038168542099906
ck_22128a4f0d033422,0.0066172033994307865
ck_5b52ee0a13c71590,0.008224727272865127
ck_59472d17debedafc,0.005050242548716571
ck_9dde2c63acda3ba3,0.029158161724821073
ck_7510b1023cd08531,0.015035372249392666
ck_071ddaaf2e4e3671,0.019651513708401597
ck_1355db6f4010232a,0.01770851306210073
ck_0a7adc2f27f98510,0.33411157305588274
ck_68250033717cd59e,0.004972462116046633
ck_7c12de74de30b788,0.30114956102042434
ck_65491367584c730c,0.008748269493118502
ck_e9047964952bee70,0.030521285374401137
ck_5567779d6ba184eb,0.03413957011528319
ck_d6ea026357ec6477,0.025780693352963242
ck_cd7dcc884e283746,0.04884651094456458
ck_0bd77fea8ed75a15,0.015527105412910856
ck_e80883208e8d0453,0.01876443140384781
ck_2ad0ecbacd5acf8e,0.8811344238066954
ck_6c1dbee7e8fdd5c8,0.015433480351621775
ck_ee4d9a7449515908,0.001353250568401679
ck_636111f7f030496c,0.004991660987572257
ck_2c629c657f73941f,0.0076058416911387
ck_c1c9d3842d758420,0.19401659863162732
ck_e4df7faacdfe8c40,0.03484344984401567
ck_94e8142728e44380,0.17329363494281227
ck_765aaf42c5088545,0.014812440341133359
ck_e0f845159b6e6a4a,0.031871792980432676
ck_5bc07deb82edbad7,0.004575689431581644
ck_713159c5c6a7a4d0,0.9971876431385217
ck_b08afc91d9ca55db,0.03559406761749109
ck_a7bc323ffed2ea97,0.12855923431464328
ck_85ca825f905a34a1,0.04596185510976458
ck_33160c443d4b3f19,0.014254174137270509
ck_832d39c590a3ca75,0.8108297153414948
ck_7d1661a34164406e,0.5490380130303618
ck_c2466fc40fc9d5ed,0.9914129894088405
ck_ed0e776c0926ce67,0.03995293406224167
ck_cdd2ebeec75bfa69,0.10465761287378504
ck_d7877684c7923ec3,0.01812080083420251
ck_7384d4d2406aabf4,0.017267767044218257
ck_b8e5244e650aa81b,0.08388487263526515
ck_25a1ea40b2d59254,0.005214106760516128
ck_b9e5b318ee4de68d,0.006435195865184227
ck_620d7ae27af83cea,0.018266259067660905
ck_40b4e264d1a12b83,0.22102830317173394
ck_b694c803b62862b3,0.007905416359055038
ck_cbeca201dbade3e5,0.027012183894006447
ck_f9b439c9161c3e52,0.009224402319141681
ck_9880410fcd10a28e,0.001711238841411592
ck_74928f5f91aa12b2,0.0256411022406774
ck_b6673bbe61d2680d,0.016611428958916333
ck_53c8315b5c30acb4,0.01627794856402196
ck_78f01d78ea79642f,0.02933847762767602
ck_8582490d6e365a63,0.017189884246837123
ck_af25c72d16299258,0.0026121427546639065
ck_7905fe8e257b0449,0.10164956096737726
ck_0d16d9349e4a9e08,0.017230467305916326
ck_31b16b8848584e98,0.039867700250902284
ck_67207e3eecc02d76,0.011108295423829352
ck_e6b95ff91116a592,0.00471523625813062
ck_c08f622bcd6de6e7,0.007332334775228253
ck_f9a68da9e0f0bc85,0.00522206378601491
ck_4072b59388976896,0.01163646337827303
ck_8ec86e853ad52828,0.0790845491736875
ck_4fecb87eaffd5cb5,0.006142141325371084
ck_d6880578428b965e,0.26738313208486336
ck_bfc82b3c1c9f2897,0.7915300827186417
ck_c340644176ca03e7,0.03437121891024644
ck_321e740066fb05c3,0.15029837166776105
ck_8929d2eb09872052,0.038526334741290254
ck_205c107cec528414,0.3119746490761513
ck_e76db7d2562f9836,0.021689832112277065
ck_9ede51c8434cff6e,0.035437417339479804
ck_492e4b89c61b7b6c,0.015098676557578964
ck_9385f5a1eeebefcd,0.03800426569871153
ck_ee52c7bf88f952ab,0.02196589658177295
ck_d8116c34302021d7,0.0009636666366627123
ck_01645ea51972e99a,0.018808877498627155
ck_7b45ed23304a854b,0.022722570471198963
ck_2096d32f3d497ea1,0.10064615001194606
ck_dfbb2056f1ef7d3b,0.00967607317035413
ck_938ce30c864bc7df,0.0016739877099808793
ck_ff30dda2c881a4bd,0.5391433860143037
ck_f88c79186a082beb,0.02987536351267011
ck_08c7bb0f9851cb76,0.14644454616413077
ck_2675e7a008e584a7,0.036060309970540404
ck_cbaf8a954281d4e3,0.9516937694785379
ck_8b24eadf6c72b30c,0.8617513973909857
ck_ffc8e3c1377d0706,0.008029308921307906
ck_5b59e859bed5b40e,0.00894834136772342
ck_7b61717f172f9317,0.9579634325726395
ck_e5c30947b732f661,0.05696993494259853
ck_bc273f3ce79f7e1a,0.0058496466122824956
ck_f69e93388b3028cb,0.17574768878837374
ck_3837ad850996ba60,0.018126014123896656
ck_36d78ff3bc033ee5,0.007784258980980868
ck_5e20953547ba4135,0.04209554040272109
ck_258d661e450ac870,0.003165978925997957
ck_1df66f537496ca59,0.033502155689450815
ck_361f535599110201,0.0018105856999000357
ck_337e98c69f6e7886,0.014664100202271973
ck_d3d5b2717cfc3913,0.047020517573653824
ck_b1dba768dbe7affe,0.013744963687838237
ck_92d782bd9ce0d1e3,0.023292727671566076
ck_26bd0f8898afc8ba,0.0023951686178465144
ck_7916e53daab36745,0.06708433129495323
ck_2caf553b31831a50,0.0184599491422421
ck_c6200734c7f9b2f9,0.7836563767288539
ck_cdc55623cb16e6a9,0.002737932183086684
ck_57849e15b61c43b4,0.010295179002182846
ck_b7af9b2ee0eebbc6,0.04038499680392911
ck_00aa5fc3b3bc66aa,0.01298447644397044
ck_9929723f65636c7f,0.823508917019892
ck_8f6cce9f69912983,0.011070268958053959
ck_c422ba389ff00781,0.0015383796415080848
ck_9ec7f334604a228f,0.053642571943027
ck_5d01200ba3341462,0.023060899110550537
ck_2bf10be403849c9a,0.023669189131205904
ck_6ca018259f70858f,0.00901625386057437
ck_a54dc042ebb7c766,0.1160130271790145
ck_79da63fc100830b5,0.021810778245793187
ck_67ab6f9e05c85085,0.00537060822149843
ck_fa80da579ea9afc0,0.011558867036276614
ck_4339f86c87289222,0.18259947805345644
ck_a2299b4f530be0d6,0.3431079886687066
ck_19db0bf788697c2b,0.020457589609500275
ck_fa4211c4d826d830,0.0012505950485696975
ck_96100d5e8e051e91,0.00325256293522332
ck_5c3a671883d58b3f,0.0008879214983529559
ck_2d9524787cfe1ab3,0.2244413948888623
ck_47ab8e51e5b3a2d8,0.0026730610891029702
ck_c924f36bc1bbbaa3,0.012229076353865984
ck_5c58e7f8fd55e26c,0.000507215532464246
ck_a07e7409d6d5aa06,0.02421492627331364
ck_c8413898f5f7cb7d,0.10367681299198223
ck_577c816b41cab002,0.7303919915680889
ck_9f7807ed64cdb728,0.10041820883345502
ck_495d814d6d6d521e,0.0015544067860367044
ck_7aa8bc018c2b003b,0.017071014186878584
ck_7c3a6a82f3c3241d,0.018905565923690686
ck_487f7fbc290e4ae2,0.010002241960173104
ck_e556c4d36aadbe03,0.003550149199261902
ck_7e6569a1b2455cb0,0.000946890462720509
ck_de2924955926d046,0.029337646180651763
ck_73d60b4630e3937a,0.002330257555894229
ck_805ee564bd35ef15,0.05256917320725167
ck_0d40961e47797027,0.006106767308415271
ck_f06d00a4f9c87d80,0.0008117117404421716
ck_5ef50fb07b6737d5,0.013248162074059698
ck_16541fc15683e21c,0.0074966837695266
ck_09fd43f1b7e2eca2,0.0018662370937632287
ck_2a2c336a69b8d68d,0.05461705661081724
ck_2685f38930866af0,0.05156881055201423
ck_298278a9da874437,0.005488652175701526
ck_00bd7803f2530c68,0.02310859715590683
ck_c2b4a1d8c0b6c1cd,0.0016603719851246517
ck_2acb54ca20c3af6c,0.0631465090252083
ck_e3d4b6f681c783ab,0.02531540027739745
ck_f90293f1eba5d7b6,0.055336092514622896
ck_e69d27e8965df0be,0.0012474582046523024
ck_b7f5d10b427346ad,0.009853774681238204
ck_1ce20e4223a936b1,0.03540011359080225
ck_6b97d1ab90f6bdeb,0.021099776991180583
ck_e30e17db5473c7b2,0.0005948530541002174
ck_154c8efb19dee665,0.0037505794491477606
ck_6f5bb0c930644cae,0.9975500566838225
ck_9e17699baa83d173,0.0018108231703802813
ck_9693b1eb70880205,0.01304743754939485
ck_1e97899875bb427b,0.0058857517993514945
ck_558a82590f65df69,0.003044738289495053
ck_18df83242ff3cdbb,0.19087978657885327
ck_80ad4396e1084c68,0.044947725292641426
ck_0a993bc947bab61f,0.03708902267814389
ck_5c2d43ff841632f9,0.00866342032870627
ck_6e4b99fb9725d9fa,0.010748590559213428
ck_e0983999ca26c19e,0.012195791570665
ck_6573c4947cc8607e,0.06403182459722384
ck_d879d645d6e44207,0.023182121401427246
ck_1375ad9f10688e4a,0.00450057935606104
ck_7501ebbf4e21f160,0.020485924588657636
ck_ca60d61cd4dc3bea,0.003914366434327872
ck_ab9ea095a5c58b4b,0.017897713047413402
ck_23756522b58df5d8,0.0023426816509034653
ck_90bc176c43d85fd5,0.1321169635332494
ck_908b663b2dda94ad,0.004780550737185417
ck_4df2fb8e4b649e27,0.021185270378088608
ck_5615c6bbdef05291,0.08438213892447727
ck_b62f3e3185251f71,0.0005717563457225842
ck_38d1a22850178f33,0.0013009830091335027
ck_5b3ba20c8bb1383b,0.009106081888782655
ck_5576ffc6aaf6f22c,0.0003744212027692201
ck_cf7a022178165e56,0.0015535697827822553
ck_f2c7a4c50e2ede96,0.01829563297139804
ck_285719c77eadf915,0.002137050180900382
ck_f2aa1b677619ab19,0.003332382437669661
ck_3830c58d841e9e69,0.3870530813314176
ck_32eba3510c8eac5e,0.0077408175115031164
ck_8955d7b9030d5eb5,0.0025886614392276745
ck_6775e387dace7525,0.06327594263164633
ck_0a0cd7f4be606a93,0.09537357661223213
ck_a9f700eee5d638df,0.0077682521273001485
ck_3d7db96995745472,0.00949065174325636
ck_aeed557007d52e9c,0.0006496454279980206
ck_79b6a86830156b5a,0.026740470042617256
ck_6a1ff9d69466181c,0.998383217513818
ck_f11b1565f986f5e3,0.017622453058734385
ck_4819327a78615485,0.0033210385483049176
ck_3ed9e081959b2f5c,0.015979951417114408
ck_16af4be191c47d3d,0.0005552670814054665
ck_25122cc0e8b1a662,0.22108928319249307
ck_509c22828d467ba3,0.026404772253010987
ck_31109c899336348d,0.005072532340466023
ck_c51131e53baa59c7,0.006621924170917778
ck_cf8ecabbc61d3e11,0.022776849828636574
ck_eb6baff0f85ba936,0.02218871614231835
ck_777669e2243204f2,0.8431150609304925
ck_ac0ea27e692acdc9,0.028698529850263457
ck_4c6ea04ce8ca9e2c,0.03488574502574856
ck_ca54b32fca7e94cd,0.007776798624796448
ck_4dfd8947f540eb24,0.013670904490367255
ck_95aff1fe27fb24bb,0.06421642000779247
ck_c7550723b90e5615,0.014077461763201253
ck_57b3fee69bdf85e8,0.0072231739877264365
ck_f823407ace7ff064,0.021478809946129218
ck_a69084a068bcc8aa,0.030311931516459605
ck_c7b17f7b24bef5d7,0.01254242837151158
ck_7c4e588f927c27c8,0.015619102821938107
ck_77fdac602d0c6f95,0.07437319828444983
ck_e963d8525018d072,0.015960568533920996
ck_6e8ebaea8f7bffaf,0.0009902612243998412
ck_aa42976a31cb7770,0.0013908713657189895
ck_22c862a496008c96,0.9984977791335721
ck_527550dd15f38782,0.030441579050055605
ck_b3ab3c210e2c7c19,0.039742872989780215
ck_ed9c56fdb9f45ddc,0.38360529721164677
ck_b53281da70defcfa,0.013958469881400254
ck_03009b721568ee98,0.03956685040196458
ck_3d9afd862b3f4053,0.3863636296141626
ck_ad3c4be96599554a,0.026997510275080096
ck_d1c787c27d50af49,0.06048939819402272
ck_c7a9c7b2eef46a99,0.024186695704062493
ck_53036d3c6c74446c,0.17481869348016157
ck_1b1efbd9c0964c8d,0.014818582956965087
ck_d66f42a269d5c1ed,0.043919323043213956
ck_fefc49a2b8ad993e,0.013058775634318507
ck_8b3b874249adece9,0.04392895651804996
ck_193d9c87ad3f1dad,0.0008183135528548799
ck_0c6a50d747593b7b,0.02497832426133647
ck_c830f3830875b47a,0.027516818101358365
ck_79e202f06d8dfe42,0.0517991015480718
ck_5c0fe988b8aa7fcb,0.20470393454741262
ck_a8382d8345f21e1e,0.005703263110864451
ck_8cb20053914692d0,0.037928399882603124
ck_1da2f69023ca4c13,0.0020316480656799936
ck_38abb60995114f8f,0.12653729097734695
ck_f5791fd8fd8fd191,0.018207090558097855
ck_a4e6fc391b674335,0.5745218496164839
ck_bd771efb4a7e15d0,0.005441140624851321
ck_38ba4a6b6a292054,0.10617880070536119
ck_f7a07283345a0dce,0.0011287777824474303
ck_87dc484baaf5a23a,0.00147987654823392
ck_c84ef83489badbfd,0.04609510634348943
ck_a397cd64ec5d644b,0.004502341703972628
ck_7977135c2ff61e92,0.007256575849248214
ck_52174855b243a8b0,0.08138793049666043
ck_0f35e930d0614613,0.9905577446645121
ck_b170a7db522a0d6f,0.17496027144105764
ck_7af748a23775bd54,0.04042264414690184
ck_52f641c9ee6fda70,0.0010677123241811482
ck_c3719a30414bbb4d,0.006183025160167472
ck_2baf214ad6bc0dbf,0.037825813543150705
ck_8b39d8aacfdd72b4,0.013174769839238811
ck_d39b0152116203be,0.01775674664563986
ck_ed33f8a937f9c7c8,0.028593169336192742
ck_8ef97b55a5fd6ec9,0.0009853892241886467
ck_8247f008a14bd1a2,0.0012879246531168776
ck_f0d349d68249d5db,0.0010713573730267232
ck_a544e766540861fc,0.013037544466867949
ck_9dfaca4c7c80b10d,0.06635681391208406
ck_7e5401c362b2216a,0.0029765398879124886
ck_64ff60c073fdb6db,0.025242772840074
ck_fc5ea49518e5d637,0.003972061688093901
ck_580f136ced341298,0.0037895077282515794
ck_9cbef9bc95449dca,0.0022315061171463554
ck_e475a3b8ba870a7e,0.004979213733397328
ck_97e94708bcf43563,0.01595342769391678
ck_13f03ec785cbdae1,0.0021736024155311015
ck_152820d8817f478c,0.009570240793615455
ck_d20d4ba60eec9945,0.036402302801107456
ck_5c45968a805132e0,0.0977191326420385
ck_bebea2cf3063fb24,0.009143600128748925
ck_c3c69aefe7ea1d2f,0.03700097812420271
ck_02028b72f26fe855,0.011994875265374606
ck_dfadff70a58a9133,0.0031546639974474907
ck_6482ed4491bedcaf,0.015952069042505457
ck_754cd7b4a5ae3f94,0.036425609168364806
ck_3132857aec8485bc,0.0005971838850083658
ck_7ce4ca91b8f9f1c1,0.01492094947277337
ck_41938582f4351772,0.015494691911924416
ck_f87d66946252476c,0.17678927974495856
ck_8053f1879a9b4e43,0.011725295052384122
ck_93892e91387f5103,0.027908117131625013
ck_15254db133b28371,0.01429120508246993
ck_d557b9feb241b3ec,0.002087178961877407
ck_71c3a8e4c12c989f,0.024150654955953966
ck_80e3041811033443,0.02208344101952283
ck_3380d60067b4634b,0.0007843905229448735
ck_a9c2cdc758df8510,0.08063764178085608
ck_3c0031d7514da17b,0.0072191353108004164
ck_18d214b1418be39d,0.004254422344677478
ck_7ce768407fd48321,0.04120274398275699
ck_7a50abd42298133b,0.012799387986930606
ck_2db10f987d137582,0.060674350229007246
ck_e077d004cd1d80ae,0.004414424932061592
ck_1cb6dc67f9a321b5,0.03661589756513747
ck_b864f64101149c35,0.33715500216859323
ck_9bedf54df9418e4a,0.0013009822543002538
ck_c47e32c47f0e6578,0.18062030586351036
ck_71f382d5e338daa3,0.012152442046065233
ck_14b4bf7be6ac2b61,0.1205331408676091
ck_5c87eea1cc07cc92,0.03316505791047973
ck_5f445182829ef342,0.10845121268117375
ck_a5d7311291caaa54,0.006103794638874353
ck_b7df99aecef385e6,0.06699380011685732
ck_3327a0582407068b,0.04036845823888349
ck_08dba09fd7dab896,0.019895399830087493
ck_f4ec334be5266378,0.0021994198690183167
ck_240f7f894c5a86e7,0.020014061719007808
ck_a9d994554fc14a02,0.0003394866590726482
ck_13648cbd306eee6d,0.010547182261586133
ck_601edf9105b3c321,0.9887209486093861
ck_9527adac182abe57,0.46758768977662624
ck_4e0e80f5cc271bf7,0.0007867169774473982
ck_96a89e720176b389,0.08390812794078706
ck_63560eec94b76d2f,0.012356936719445537
ck_c9c99e5b19aeced8,0.0015165611365345383
ck_bc32655ee5ed643e,0.0453561798486585
ck_edccb5a93b741744,0.021109687039444616
ck_f786cbc987b70930,0.0010737561938882038
ck_0e8f26536ccc8947,0.020292468942261173
ck_b87ef4b98cfcec4c,0.041903454518921655
ck_1a9235812de4b2c1,0.016265536221561204
ck_d1ed88ea4211ba4d,0.0005667598069262019
ck_a4ddac49657a4450,0.003906487587137307
ck_d9ffca35188e49d8,0.04309267597869416
ck_3db73bbe03c3d240,0.0019378597104984015
ck_fffa0622344a36ab,0.0004661798339065523
ck_148c28df51bba5e9,0.9352975693494643
ck_076cbc25c8f15fc3,0.9794831274876433
ck_e5ca550b39ed45bf,0.646483636699747
ck_8dacf3a2061ca17d,0.022108931256204695
ck_2d7394afd61643d0,0.005574761007380317
ck_e42206e91f6a1752,0.001295448950360922
ck_2f4f94827984c426,0.0011269588499856855
ck_edfe8e90e8f4366e,0.003142300337277953
ck_646b15f753e5e9c6,0.02418207817529121
ck_66600620149c8799,0.0011091394685206841
ck_4ff6fc70bccfba96,0.14383888959717547
ck_41af3729590c2484,0.027625001490294707
ck_920a48ba8c583e96,0.0030232057645894275
ck_0253b3e7be021306,0.001456942258372074
ck_2ae6949246ea2648,0.024721342845593748
ck_db23a5100f338d72,0.024844585473239925
ck_fcb2a559474c3493,0.027796522315253414
ck_0a4d7acd2a53cbbd,0.016896415677444467
ck_c5d62b2b7a6f3bac,0.9737944186627803
ck_cf59f4fc0ea690b2,0.00907188880707094
ck_837be8126bb19250,0.0022390065533136718
ck_58955542edee1adc,0.007613223382746536
ck_1b93381d8eea58d1,0.016053870976165733
ck_97b8e05d62abdc14,0.024177893975964895
ck_71a0d645744302a3,0.012057738829086395
ck_a7b57882ab66b111,0.0013901419381066077
ck_65f76421be648549,0.00562975594294797
ck_b53ea8713d32ca7c,0.03732945422489732
ck_991c4c924a1d85ff,0.04829866264820486
ck_8432ccec1a4ec7fd,0.9425084458033872
ck_64c1633297f43788,0.016635227967424608
ck_4291fd9c1161d8e1,0.017182624515087567
ck_5e98ed6391d9f429,0.03665056565417132
ck_c7baebe4549fdbb4,0.052170057960603484
ck_6e67225ba59fa5ae,0.0540890004624004
ck_719602def4d35fe0,0.03927123586723954
ck_bdee7c86f5ebe81f,0.01585942694484711
ck_8de38f8c7f91961f,0.029543731323532458
ck_b0b5bf9254700402,0.03105558080064129
ck_7b55d9bb1a250d4f,0.039446587937670204
ck_3954b7b0fd1d6614,0.001314280273953926
ck_f29471fe7c818d6a,0.013273208617582152
ck_9e65a8a2f587691a,0.02314340090149499
ck_eaec5f1a83b66eb0,0.35701223440798063
ck_004fe0daecbe2c1a,0.023322512610356425
ck_d17653a4a2d4a79e,0.020186073879877094
ck_0dd417fcbf19e424,0.024616485678831252
ck_4c99a6eadea143e2,0.0778051697012604
ck_74d602c907ee9119,0.008757427080575877
ck_1aa87cb62acc0ac6,0.014246573209843991
ck_094974d75e29fb2f,0.0628789304795466
ck_5ef935ac3d4d3332,0.023573829453200877
ck_b26e4ae47c9107ed,0.14509657681271576
ck_396cea6f95186ad2,0.010042170899328792
ck_48446a9e8184c7d4,0.0012751495950630212
ck_31e1ede23247d56b,0.0431961926072308
ck_7afefa349b960a3e,0.024482154316658535
ck_f5e02a3432571b20,0.03348147618227969
ck_64eefec062592c43,0.01898100998406885
ck_a1201284122c141f,0.071117074864677
ck_1b34c420a4c85a95,0.021735617718768654
ck_d637a011332ba67a,0.02064599788321002
ck_99c0004d8b7079f8,0.005361676050719642
ck_948517bad569b40f,0.04314765865557339
ck_a28d6b1601b472a6,0.030104224530905464
ck_a0b4209feb31f5c0,0.9977806483473867
ck_d6d2c1f6dfc455b6,0.3645219813136026
ck_3f9e6d356d3dd3cf,0.001934020152596466
ck_d08e00c842b75176,0.0025618471629381113
ck_bfdd232a7c5f2660,0.0313651403335379
ck_2cdad03ed069438c,0.01247035999513727
ck_42317c3eabd0a285,0.1722104444737634
ck_3eb73e56751c704d,0.03464380542341611
ck_ef33c04f4c9e3758,0.03835670856055708
ck_1dc23dc870f1773d,0.016798116300301688
ck_76091f357974a152,0.005072462364593354
ck_4d9eb75e8eee90fd,0.051021798411396715
ck_578f67e69e5d2cfd,0.0011710877505082542
ck_3a8ce1cc724229b8,0.0022104231441824134
ck_a96887f841e80fc1,0.011348668613540632
ck_d2d4a8f4a9f2c33f,0.00448447213684972
ck_11f85bc705dbe036,0.06478055852884199
ck_7429b3f87528e335,0.002855119581757696
ck_26df74feac7ec51d,0.027496490284741045
ck_c78b2638fadd91ab,0.046855533165573726
ck_7eaad325abe3b50c,0.004551267708354442
ck_fd44e34af620e606,0.014524482445607561
ck_f99738dff854e25f,0.001897032903467522
ck_1ffbce3a239bb264,0.0036040616348428523
ck_96c7d52ba0a766ef,0.05916891344453455
ck_cb1c00c300af3f9e,0.21819786613146208
ck_ec3d12848ced99f2,0.015539439590043174
ck_26cfd7c3c6c7bf69,0.02772985165455828
ck_7ae86b5a885affc3,0.08467301153135547
ck_3edaa94d28cd48ea,0.003053063133535933
ck_3209c530c9812e39,0.004416478842781501
ck_ea62ebfc1f04b49a,0.005047138624380365
ck_5fc90b4668ea81bf,0.02027483294420796
ck_95654593cdebd141,0.0052470866657763696
ck_958c0bd61820147f,0.03596306867614228
ck_8440ef1386c07194,0.0049454462621643025
ck_8cd1b68dd74b1375,0.14724775842106724
ck_c9eb4df91ff07f2c,0.04141785187823291
ck_c29489366c01fe65,0.9147769004092102
ck_c965fd6bec0f0ecd,0.05729701403540454
ck_84c402b23766e1f2,0.01957924846283446
ck_181f3dae03b87136,0.08842212553117161
ck_022a8ae79eb28cf6,0.9696893895511781
ck_469c17407d17b706,0.043713753749048796
ck_1fcc5843f39148a9,0.0035807855456015973
ck_5debd55f361b2ddf,0.0034006488215379176
ck_28cb9b03e89263f1,0.0018925094964992175
ck_f067470743d3c7a2,0.07577890447167154
ck_d5d225ce41a1a762,0.03184011431441804
ck_15b4840922195ffd,0.0026092152171803304
ck_6bcfa37c717f19f1,0.021910441631599456
ck_8d501a0386c66be8,0.09921605670430667
ck_1a9d6190c57ea7e2,0.5227616022359814
ck_c49832eabdac5bb7,0.0009374468131938068
ck_b4331140b2e0d4aa,0.019635001859803956
ck_5efbea1befdefe1b,0.24628850518314852
ck_72ff52c4824072ce,0.00712063775207319
ck_ec3715add8bbb6e9,0.004231687388764399
ck_9822f8ed05335741,0.022927091122201208
ck_c3d7d3d12a1981a3,0.002634565138860398
ck_a115a7919ac5875a,0.05171522814276174
ck_4dd4ed23e0b927b7,0.19636643443316562
ck_4c76efcc1ee6762d,0.011332641176400406
ck_3ad6e7bf452c9b21,0.011767143262849371
ck_dcbab304b55a42c7,0.005152438495816373
ck_24b53090faf722cf,0.005740674603133344
ck_187317383400491d,0.0013613313078577453
ck_e07fd57565c94c28,0.019598877385019836
ck_740e760fdcd27835,0.0016599964136350567
ck_d3796aebda1cfed5,0.958394808738664
ck_e541967c681cb929,0.015895622348338297
ck_431118050b834dcb,0.0019446200158474804
ck_90f3655f0c8a0074,0.0029835848248208007
ck_13cd943777651aac,0.023300038382810116
ck_66accecabf3901c0,0.011583118452856549
ck_937f0da2306b2eb9,0.010601894190071477
ck_105b0c93573fd5b7,0.22519137767586464
ck_00480407160e0743,0.004843042375988238
ck_e032068be7b77d15,0.017493245531722372
ck_991b7dfd69098320,0.0018725252854779996
ck_37d47cf0f34574a2,0.0010360491212978442
ck_011551a596544f5d,0.0008380816667766029
ck_9acd98f4fe2d474e,0.08408606531164478
ck_7c88d3d377bb61bb,0.05317057149330929
ck_e2374c7136c964fd,0.08433597588530188
ck_2fa8f2577116e9ca,0.022776450595225223
ck_d07c5b0321c685ea,0.24599332756662354
ck_bc736114a31088a7,0.021393688351900916
ck_32bb42f9bff197f8,0.006094509782473525
ck_66267bbad1f1415f,0.6450285371251928
ck_19988702ccd79201,0.008967163637591882
ck_f473a03fbcdbc4b0,0.02336514022288059
ck_e3f1d85fa5d49396,0.005341634365968605
ck_c4402ea6291df271,0.011339028111805715
ck_243bd5ca8c4ae5d0,0.011089275724938322
ck_f271e855925e8d6b,0.22293971244409358
ck_e424148c6f2223df,0.006338241214501035
ck_e4d0a9e1102a58b5,0.005586994697979798
ck_91c2a5fe69b9b1d1,0.00704975618861783
ck_5fd8924732fe403e,0.24996747475808084
ck_9a881d5433126ada,0.007637166692420272
ck_73cab88b29c7845d,0.012059312112909207
ck_5b5dea6476d4e182,0.010331269786171408
ck_ccccb17d2ca6ce94,0.0520788333897018
ck_cd1dc68e441222b1,0.9402774107038181
ck_8312c49b1431a406,0.01074194543049679
ck_25fea39897f2a559,0.011005321957171113
ck_f56200205280bddf,0.048228527649973776
ck_7336611650dcc088,0.001275436222961704
ck_590716322ff147ae,0.0258518185230292
ck_c82364d87875a1a1,0.013353250062613101
ck_fa4b60387d744fc5,0.001914155486421167
ck_d841eba8906e9a15,0.002443776567489703
ck_d6df562a79b9d0d9,0.010618292360524105
ck_59a14d2564193101,0.0030945622581672206
ck_8530158e3d7f59e7,0.003550315378347951
ck_ac68d707006c12a8,0.013327137874760602
ck_976fac1bb3dd8c58,0.042719719959190716
ck_f854fba8f4adae3d,0.06002980437222505
ck_b98e9c3ec6e7d1e7,0.008170331059755535
ck_803c0b4cf9d4bc1d,0.05230698691342325
ck_76997a33c3ea5107,0.0024277976370361363
ck_f1a9d832b700bda1,0.9791286113884019
ck_2bd96ddb8c323d63,0.982700762831977
ck_9e5b7acf51b1b743,0.06703866124804445
ck_09169f22194fd6aa,0.013909905015816789
ck_6d69e092f9b0848b,0.0189202801409729
ck_9f83fa5a2d3b9049,0.007124530394313782
ck_57bbb19eecb4b87c,0.015345926979709087
ck_e0e9cfabb979f428,0.009459535314048034
ck_b1ff9edc51d42f97,0.008656762770405724
ck_4682fad271d47eb0,0.9613119180195232
ck_ab33fb754c818ae3,0.023574649942183147
ck_b456f62b80e21557,0.0003782183648190483
ck_16340be3f2a7fffd,0.0009683949347732052
ck_ce66831f6611014c,0.028162017805436076
ck_4610a073bb54d1b1,0.01799676901528696
ck_fd038a7d33a9d6e5,0.00539675594203394
ck_c8198cb4c461304f,0.04874277822662332
ck_1e7de58822000dea,0.002711251333992203
ck_b2a79dd3df560f14,0.056922299584867025
ck_74a06f347b32347f,0.009265089701601531
ck_c6fdb2972417c9bd,0.023464849027006456
ck_d7607a213b800bfb,0.085322567737089
ck_df65967b8b40319c,0.0007640372416798443
ck_329a73dbd585ee09,0.004185826418281664
ck_74991a9e85c3b07d,0.01597274462668947
ck_bb76609b79e0bc9f,0.010279009697754651
ck_f7fc1bd0b9ab1fa4,0.00881722117644696
ck_d111c98b36bdb791,0.0023027939652226063
ck_f07e27d125497b66,0.03443846233981915
ck_093e3a7134e11d6b,0.0022213597834942747
ck_862c7953bdea48b0,0.022832190063709956
ck_392cf2cdd515c34d,0.011056418439373548
ck_80eb91b0b4001084,0.09840725015593876
ck_5923f53b77193a58,0.02109092281954854
ck_8049f5fce32be185,0.8574151145309182
ck_ebc5a2c6cf88e252,0.03299037434606634
ck_9ea5872f14cce338,0.03091465793950906
ck_f7fbc95ebf584379,0.014717659571391026
ck_bafe82c870356706,0.9858428283885415
ck_278b36c5932d9bff,0.007475312791475728
ck_6a892dd5d05c1649,0.011248416823455579
ck_0734fd90b2cabd43,0.011614373063724228
ck_9b552204498b6762,0.04618004826617429
ck_f6c909c205767956,0.025515928472625727
ck_32f590e87bc3d715,0.0001509359615928411
ck_66a8325f28be7562,0.005437224372622421
ck_b129261da9c3c3c9,0.0033288876488235747
ck_a524071c51ddde20,0.006179558870785942
ck_ba576d6d4cb6130b,0.507774351822121
ck_8d8226520722af78,0.024140611832746437
ck_c5b0f0d4f1655a20,0.020680007833983383
ck_61814ae9b6d8eab1,0.008534988657722937
ck_382ebf136f7fa337,0.13962389250054424
ck_423ff4ede6a9f066,0.01311825888712771
ck_546ad962d04b7de4,0.9696748548681003
ck_9473ea4a01c95f9a,0.022672277330053503
ck_9eb1da8cd35a50ce,0.007715490408218248
ck_de5eaa2cdbcb67ff,0.13105597397099036
ck_537cc97d0398c922,0.02827687334182757
ck_998475a2e4dfad4e,0.014920860712526575
ck_e62eb708d2688fae,0.006943966502148637
ck_ea623358f704daa7,0.1543290776810188
ck_b911a09f328dfd4b,0.0041380175943951936
ck_4b3506b624e5193c,0.04230113350814001
ck_448456f96788713b,0.01046006510148503
ck_5d5ef9e75f65d076,0.025942278522269237
ck_3b74512f774a6e5a,0.004227741553061731
ck_a032e8ac1507c6df,0.5460201628624965
ck_7e2d6b22a0ae20c2,0.06822248211290818
ck_d80283209c963f11,0.019908724122197068
ck_d1157eade2ac3975,0.057208450198299295
ck_be48f583f79427f7,0.027866067415627853
ck_0027b5d4107d65d8,0.0205375011802647
ck_94fff69584dd3b2a,0.04925669511635956
ck_75fcda73f0b43557,0.009288524452077196
ck_a1c78972e4ee4082,0.011894474033485812
ck_f0982bbdbd122f91,0.005031700723171751
ck_3199b471575aeb3a,0.004571425435951659
ck_7fa947a0b1c1cf74,0.038232668360494104
ck_a60c618b7f0e4252,0.01631273259541649
ck_722ac47c8ac9b6c3,0.11104791476380707
ck_d44dc3839a195c8a,0.11002294912532164
ck_a2c3e82fab520483,0.01824210033917562
ck_6f8ae0319c07cafe,0.004282750957606342
ck_49886ff1e2c759d6,0.039337851469518494
ck_150a1108f936e6b0,0.009063061319648241
ck_e21f9f96f597695b,0.008587449444486313
ck_7297bff2b7fdcbc8,0.0008771626752320631
ck_ee949c71f4f702eb,0.9851983604682661
ck_6fc37dea4b4f35c6,0.07761670797325347
ck_e76257caa98dc25d,0.9791248271390807
ck_828eef2334e17b3a,0.0064257622658481905
ck_604e1b8a8c693aa7,0.0066497429798904415
ck_7743c9fe037d1f9e,0.024009734659961205
ck_864a11202e19e812,0.09340390588837023
ck_4ec040b9e3785e4a,0.0016665591775901058
ck_7346e4f820d9c00a,0.9268061398676914
ck_48d4d63beb26b623,0.01008982102004198
ck_c423aa6de3ed1e01,0.0024418339177042494
ck_d74b2ead8aaa3f73,0.018666854114530798
ck_1dd69a11daa7bf1a,0.0787895892205937
ck_d9143e236eef177f,0.007480730270234423
ck_f790d91e5ff0eccd,0.3889962490337397
ck_69b5620e00ef5dec,0.002679582503386399
ck_cd32e58e8a1c0e85,0.013472696504542855
ck_064013b0957d87a5,0.991401887951805
ck_a481385c2e60dc4a,0.006279236599953398
ck_d72035cb29db3aa4,0.018603661075508576
ck_3759939a0205306d,0.026285159012119978
ck_f437a53fc832ec95,0.6429893602852543
ck_260ef2f3e6434819,0.04940714625200467
ck_35e411b05d22f663,0.0422822512523278
ck_8bf46e472f3e20de,0.113249639489701
ck_d546994fc5d3e9d1,0.012802161730141924
ck_6ff0fc7487e737e7,0.23982008077763162
ck_5c67f27816ae0b6f,0.011939627122905557
ck_c5517923458106ae,0.010521599193590327
ck_d9735647a6b0b0a7,0.4106970038447048
ck_541a734fc457246f,0.08422655002132064
ck_2f6a639468f41043,0.007767367205111071
ck_bea2cf7a6b7bb900,0.009723283220008731
ck_7eebd0e6ad6c070e,0.006332864697978771
ck_b64c87d5e3b10e6a,0.8788791325051653
ck_9dd7daacb7833233,0.03413690121079904
ck_396e9ea9a6c6d7d9,0.009850677675482818
ck_1645e6cc53fa99ff,0.04360464486327898
ck_ea2a83ccb8d57490,0.001997385425239387
ck_e64f0df63e1be595,0.04554907935360171
ck_fa0b234481cb57d3,0.02868022068287432
ck_63379e3c9fe6f711,0.015309378991970112
ck_c67f7944896a0310,0.07830614619464543
ck_c10e54c9db29e6ef,0.9984839535945408
ck_7184ad7709ae4c80,0.0316572671179469
ck_f8b6069d7577fde6,0.007044387499406425
ck_18444be153bac1ca,0.8788613432008242
ck_d0982b4e0e118e4d,0.03065906399949602
ck_6faf3e6820398866,0.012263471999519621
ck_97e980463aca4644,0.0028310182843497398
ck_630c835243c66b19,0.8627638011597651
ck_fe429ba3e1aa0e4f,0.0058571477900798965
ck_1058129ed7b48c59,0.1575085611397348
ck_04a1a46f07885296,0.023490710925051284
ck_f01e94331067edf6,0.012289989445690656
ck_77b2fb17c29f5e72,0.017365423879760176
ck_4f0c5857da45fb28,0.3621215325972567
ck_2cfb9a7775e8a5bc,0.9733356018471729
ck_6846100e43659bf3,0.005594824390670881
ck_f89719a854fe11d7,0.011315592611896925
ck_bf47375e41ca3bc0,0.005661245056311861
ck_2770b0400a7bef08,0.04611764607071404
ck_2a09d142de1c77ff,0.0054746289672809026
ck_857a1f5547b9ad68,0.007841883375387026
ck_185f15b1523bbcf4,0.001038873356821853
ck_ab2aed614ec1cdf8,0.02380520333687487
ck_a9e7f3b2d5dfd97b,0.0052657948951165155
ck_0eeb3d9b3e697edb,0.17761292044121302
ck_fa5830d81bc8ddc1,0.0022081438219828304
ck_231ae0329ebc3220,0.0067794989369639866
ck_1587763dd54688c9,0.00625142650527391
ck_9f85fea4490c00cf,0.025110071846502272
ck_a2d709e7eb91e4af,0.024571365752903147
ck_43637d28c7216453,0.004259993939379199
ck_f3ab5dd853d38252,0.01805040261822286
ck_4a1f0172d3bf4fd3,0.009680104110936439
ck_517620ca16505af0,0.0019072364815311137
ck_9ae904fbef56065c,0.002850823770741628
ck_d5ef1f6e34bb35b8,0.11946366920140476
ck_ff42557857ae3aeb,0.0009917067652044783
ck_ad9a18f58589faa7,0.021633839895565905
ck_df1a6edaa3e6b271,0.003350517011067149
ck_99021fe7225b5a68,0.050517919186884475
ck_99e52c3c2530b69e,0.987204776397356
ck_3a4811dc4a1a891d,0.0038466007382886706
ck_ba3a6be026c87079,0.011154418959388882
ck_da6d1e5cf6aba6fd,0.014161654346096812
ck_ddc7c1f3d45fe6e6,0.022591427648685096
ck_e1b1e7a7e4a15b3e,0.004656020082886218
ck_8288f7f226e08b89,0.02501957132054389
ck_c4524993ec31dbe5,0.0019324415381656527
ck_8b19bb5b23b6741c,0.02809349262620448
ck_d21b38231a8a9f4a,0.050635324973118234
ck_3f730318a9792292,0.01791416516324744
ck_a4db6e94a8f77f9d,0.07845737813173766
ck_a8cac8d480306839,0.0007060443585836345
ck_5472214011fbc2a7,0.0029111557747912883
ck_7356f47dbbbe7904,0.007977096589164902
ck_16801e628e883d78,0.012019857817120174
ck_0dc1e536231c4860,0.01788454106481136
ck_7cd0634a6e60af83,0.0271716599159751
ck_ef6f8e048ae1bd4b,0.0036299289116413173
ck_82f3f744209888ac,0.027052617947623234
ck_f33188c232a03526,0.11379811464712004
ck_4a59f4e10bf45d7f,0.0013795058729705412
ck_d96c893721385e4e,0.002970520455521394
ck_f65ab819373edb37,0.026084291782221453
ck_21cac21fc10b7768,0.014830988894939872
ck_139b54e6ccbdd7da,0.02708850729467345
ck_d6f5c8741697abb3,0.02768272230961856
ck_a28d9bb5590d458f,0.03272033838065231
ck_ed26d906883bea0a,0.003000103819536721
ck_227602ad072b838b,0.001266808209045358
ck_39d5f6c17c745ab1,0.0008754987205452035
ck_744eade757ba69b5,0.010616000869207472
ck_c1295d97cdf35ec2,0.006486627314729737
ck_69105f881da3c821,0.019793481303086412
ck_933789b55361d7c1,0.9643002368649842
ck_b667952253503174,0.0036516655077787025
ck_7bf668e25abeeb05,0.0038014168949276972
ck_91742711dfdffd56,0.011288015172036536
ck_af32a0660090dd68,0.035982781454067164
ck_2122f201e65f76ee,0.011486385636300589
ck_f48acb73a5d6af07,0.02035907761395386
ck_337c5684510cf432,0.14779103987131612
ck_f7bde7265053364d,0.014840508719716242
ck_c190c7b924edba75,0.06967743459595589
ck_044fa3b3a003f0b5,0.012194777581763796
ck_87eb43e3b9d96169,0.04210626611108999
ck_2d3d6c9364362017,0.0008560399154580809
ck_ac55dc6cbcdf8228,0.011463003684250723
ck_61d7b0568ec5d6cf,0.010417223514660573
ck_89c74feeaffa7d09,0.005083598717067846
ck_93776b0c113f41f0,0.15079357798502474
ck_15e0b679931f7a8d,0.012869230441176898
ck_77b56c49cfdb1d81,0.0440202987508061
ck_73188a826b5f499f,0.009983349857064753
ck_4f463ef25325ddfa,0.15519156364233982
ck_863db2e394dc47d1,0.9219311552211964
ck_d52432ed597f3cc9,0.02123676630286405
ck_04fb61e5739642f8,0.07404378068663747
ck_2e481d75d110c06d,0.06271667070483916
ck_3fa1a523d77cd619,0.017040548638280938
ck_466dc6274fecd708,0.01418929951910729
ck_e1790b3aa2241b10,0.8513194452526848
ck_84ad096a46e1a960,0.07443723986632732
ck_3be72c9c178fa00d,0.006902461255987778
ck_5a17c89219d1d9fe,0.0877096327624627
ck_4f639f4ee6ce8d9e,0.07047513504692751
ck_f4ec4a935e51b4db,0.03689041055120802
ck_f04040a830f92bac,0.009937174701669034
ck_3e4d02a04be2aaf8,0.01616302320572231
ck_4d1baef193cfb900,0.033590167285624556
ck_0fb3153d37626b75,0.00206185506399759
ck_88ec57a11b11f702,0.940772786831824
ck_dca9dc465f759db4,0.010893624809319009
ck_64f5fba6af67e024,0.004094696230982466
ck_896096cb167254ef,0.08685967831362237
ck_7878679065876b98,0.060904705474022866
ck_fe8e5a6c880ceb4e,0.008879102866807192
ck_a5e036327d3d1862,0.0020816620627670183
ck_310f73940fc4cf4f,0.045021692585605386
ck_46a8db16ad00b749,0.022367234517451266
ck_0d33977c3de8cfaf,0.9943499706886668
ck_c6fff412f531db0f,0.0012161755010399542
ck_bac6dadf428eaea9,0.03520519447599308
ck_1b96d9af0d7da2d5,0.010306523082531393
ck_fa8a4a9e77799fcc,0.0020512042045141544
ck_0bf48607a874b4d1,0.004253902359204282
ck_eeb75f8a6439f65e,0.06011870344869516
ck_a209a5f7d172125e,0.014093678861891161
ck_8f346b72fb40bf14,0.00492512871188461
ck_bccbf9fef367f00f,0.01496554864050961
ck_2d1548f1ee405cc9,0.01222235216222523
ck_e8298ff2dc1e9d50,0.003503451262901754
ck_77c0fb524edb4a94,0.003023855118626364
ck_28ac4c5134cb8e77,0.05791224028359932
ck_db23a0e3e54be60c,0.8874363755790077
ck_a059d00cee5cee99,0.0038460842513949327
ck_3e9e3bba8bd363af,0.001830665068552895
ck_0428728df24cdab4,0.001859223203487619
ck_88cd35378075c84f,0.0004900138779521996
ck_0174d76398d9dc0f,0.025188873337329873
ck_3f1287e6c27de0dc,0.013814831634909855
ck_ff822700f3605e06,0.9932533393761248
ck_4563227b2038ae07,0.8862666636306628
ck_788e78065526ee19,0.03633072130386317
ck_8a16eb584093b12f,0.0034772296402545214
ck_cc276f71ab6c08fd,0.05312407713212819
ck_d61d97b21002f3e9,0.048091952986616414
ck_4b2e87d86a5e415c,0.17122111866529494
ck_3e6f35e4500d2f2a,0.0004894001513705831
ck_3acdb083e0d8ad61,0.001282655773254242
ck_cd655202db489010,0.0029209729253418244
ck_829cbf5ccda481ae,0.019911076530027834
ck_f5882e6f98b8b4cd,0.0006974277628975207
ck_767947540b234add,0.022859607395306687
ck_a6e8e8f535b1f1d1,0.027972821969623585
ck_58412a2674fea506,0.051922073741227225
ck_fae7e518a585fa61,0.09624987932161931
ck_9c60ae6958d68dbd,0.35890119378657176
ck_328696b8f5e54ec6,0.04861344910849642
ck_7df3f8f4f1068d62,0.0022867834669759446
ck_cfadd21458230ef7,0.010475359230420719
ck_7048bedd554c703b,0.002110826063069963
ck_50422466f145bfd7,0.003148542659911608
ck_61e1f7168cd9ff25,0.06206601382215447
ck_733aff0f56f5b3c9,0.022325625720198777
ck_e14892e424180549,0.0015347500323497313
ck_03f6664a96de7d0f,0.03459478668454198
ck_b7f4baa2cc82fe61,0.006830559789433021
ck_1e51199a075ca0fa,0.00491232194791167
ck_0e70516fa07cfb17,0.8822104683070696
ck_0f37c554a5057801,0.41944349586207313
ck_5576b725de38d106,0.01538481058687323
ck_82f360df1e9f4eb8,0.10170347079586313
ck_395f3bd4aacd7ca6,0.02659611454627509
ck_5e8e857b63966609,0.4910997860921069
ck_93470896f0804b6b,0.9597741142957852
ck_3be854e42e76569a,0.001431254360974812
ck_0567302c57a2417e,0.06507166458777851
ck_ee535461b5f05539,0.09700184378366736
ck_94a096c36162a153,0.014343318657904105
ck_dfc8f5c141fd7c63,0.010327123129927876
ck_98b34f2d704c1c2a,0.03691468228970326
ck_96dff7a09d45f116,0.07352713595958121
ck_79557434c129ba52,0.0025862119130727517
ck_4596624a7c01d501,0.023257604691601246
ck_04e89fbd739243fa,0.0022213638131260097
ck_6149ffaf18872dc8,0.002493089528962663
ck_cd78f0832a09bd8f,0.2225931956853241
ck_7e29c10d781c3b41,0.02009230079445837
ck_1f7ee7b23fc6f2f4,0.002668466994228804
ck_c49b685d2b3ab89a,0.0021732799722001383
ck_84569a8fc50e73ac,0.02046129407435229
ck_b92b11d205af91eb,0.006765752809950537
ck_06280e6d6d2485b0,0.012394032315329739
ck_3c08546dd0c92863,0.022891029935227177
ck_99d3983f907828bf,0.03465088867107807
ck_eccfd552aa652d3c,0.015664062185514156
ck_0cff8153881875ba,0.01539735435600601
ck_c1aebbeca6ab5ff9,0.010633533048825368
ck_538fdbbb3c2bcbbb,0.03162452049953733
ck_8c0210322733c718,0.014473896073045396
ck_0b0c93039f987abc,0.021950883989531975
ck_6d07d6d1bd227d37,0.06676052115308596
ck_9b6ee35e8cd0b11c,0.004154027919923244
ck_d838491d3d4f5ecf,0.011652084645163973
ck_0593ae243a9ebee9,0.028810369139908556
ck_ef261fc09be8eb0b,0.005879367866023791
ck_d0935b571a4a3868,0.02825302980850529
ck_97d04a67a104af39,0.061333079025347514
ck_e25f70d0b7229420,0.017304281219355996
ck_9b71274ff83de482,0.9832199878691651
ck_6de2aa2bb60978d3,0.03814657350265536
ck_eda55c8fb47593d7,0.01636587382279466
ck_924e572517515f19,0.19990823631564103
ck_d6f27eacbad310f4,0.009134472187202989
ck_8550f229b5eb03ab,0.002931704495390609
ck_e3e95546a84d0ed8,0.0378266487563629
ck_3135c019696ee6af,0.901438533467539
ck_41ba315d8fccb559,0.0024335878103417547
ck_72b86e4485da2d0f,0.9252073726094655
ck_daaa995f3c2f0e47,0.05471553282026816
ck_053746067839696b,0.036046115286843414
ck_a15fe7d0f4b65c33,0.8423882509082744
ck_15de11438732bb05,0.01039115404907244
ck_2c4d25acbe3fabd9,0.026619508513550827
ck_7f08078908599bd2,0.03810975811896427
ck_e794741742fb2619,0.013318747208167362
ck_238e53b6dee8c301,0.003168879965735199
ck_53a6a33060d5c8b8,0.002600618117124115
ck_0e0919292ad33472,0.2184488347548621
ck_d86ccf148c06c8c8,0.00851616404258558
ck_c881f26c9bf9ae42,0.35212948510340464
ck_4b0947bf94e9d847,0.03277811191224521
ck_e10ff5c38bd18470,0.027934309247494734
ck_b60de9e97aad9e45,0.8309647437475515
ck_190bc849e5ff5401,0.050776121886425746
ck_e7be077aa0b2632c,0.0030141134100204413
ck_a51abde881ebeff3,0.0492158556161271
ck_2208392a9f6bd249,0.004091726154961769
ck_0259da8f109017e9,0.0030305559240398966
ck_05e01ab9c95449da,0.015388834436543226
ck_c82897ebffb6ae66,0.0033519742824598482
ck_b4a6bb4689cd7cfa,0.006726367299812084
ck_9e21ea33018ce538,0.01855553033832309
ck_caa348f0e65db062,0.9953336246257093
ck_a964e6b5d8415334,0.548223635127313
ck_510bfbbee37ff436,0.009888420765233635
ck_9741a82faf5c7889,0.01378742936814375
ck_e7f61b4a39ba98ac,0.001437656470353075
ck_069d158665a53909,0.018048950060880843
ck_6426427efe3228af,0.022659481633572953
ck_ab4a8d02ec3c0fd7,0.0007840328943961598
ck_aefa0d8d933e0eca,0.030203457322818983
ck_232325ef6bce92f1,0.008259484367529192
ck_14e58c3fb26a2b4d,0.01747237233330997
ck_06e73afdec26aecc,0.23409242656851537
ck_3168f4f2778d64e1,0.010173855740455574
ck_ff3998d6858daa21,0.00107708616840528
ck_bccff46fb0868454,0.3449425696046178
ck_c7d444d90fa86d7c,0.5607689296822523
ck_f0bc3bdee6bfbb94,0.02302397869190668
ck_f7112818a6d81422,0.03643127995123595
ck_aca35dbcb835ad02,0.01837135250799015
ck_f637fabf0f60528f,0.017509224432476447
ck_53d17ab97de1ac3e,0.003051919047648436
ck_c8c1bf16d9113493,0.030613789959541712
ck_e842fb0cf055a83b,0.025393209897692007
ck_93c0cb3dac4891fe,0.013033791595845006
ck_0c1f088e17e46daf,0.025038673598232742
ck_8f4b384955bf57c9,0.007263113006802014
ck_09cd5c4df1e81ac2,0.022666406275215163
ck_1e832a5b2342554f,0.009836451753566369
ck_2cb763a881aee27f,0.0015254555210477702
ck_5875828b11406398,0.015804466622255837
ck_48e84b0cb0b90fa7,0.027079102993932423
ck_833688de8629c5c0,0.0012236458207933267
ck_117d78ccd5820f36,0.03500722117064017
ck_668ec61c4c39cae3,0.0007532195974967337
ck_73a7794b659d7a34,0.0007022429448887163
ck_10f90d879209734f,0.005081056822097786
ck_d1d079913aa158bf,0.02204912356226374
ck_01c631b38e8a9535,0.015478758456627837
ck_f6923088c17a04e2,0.09585686255894213
ck_b447badc9138987d,0.002180541766821024
ck_8b772caed8f1541c,0.0035801207494554847
ck_5403c76fe68a08ba,0.41082755484550365
ck_3e6833574edf1736,0.015939755538029423
ck_e527fbb9450a4581,0.7893275058415645
ck_cc90e219f1ebf390,0.0002541274788605482
